panel,l,pol,type,q_e,eps_ratio
TM1,1,TM,sr,0.1250,-1.6831
TM1,1,TM,sr,0.3750,-1.9036
TM1,1,TM,sr,0.6250,-2.4135
TM1,1,TM,sr,0.8750,-3.2876
TM1,1,TM,sr,1.1250,-4.3069
TM1,1,TM,sr,1.1250,13.4955
TM1,1,TM,sr,1.3750,-4.4005
TM1,1,TM,sr,1.3750,10.2550
TM1,1,TM,sr,1.6250,-3.4003
TM1,1,TM,sr,1.6250,7.0835
TM1,1,TM,sr,1.8750,-2.0824
TM1,1,TM,sr,1.8750,4.9891
TM1,1,TM,sr,1.8750,7.9528
TM1,1,TM,sr,2.1250,-1.1339
TM1,1,TM,sr,2.1250,4.0061
TM1,1,TM,sr,2.1250,6.0679
TM1,1,TM,sr,2.1250,13.2433
TM1,1,TM,sr,2.3750,-0.4635
TM1,1,TM,sr,2.3750,3.4033
TM1,1,TM,sr,2.3750,5.6619
TM1,1,TM,sr,2.3750,10.6743
TM1,1,TM,sr,2.3750,13.6795
TM1,1,TM,sr,2.6250,-0.0857
TM1,1,TM,sr,2.6250,2.9086
TM1,1,TM,sr,2.6250,5.0770
TM1,1,TM,sr,2.6250,8.7547
TM1,1,TM,sr,2.6250,11.4665
TM1,1,TM,sr,2.8750,0.1446
TM1,1,TM,sr,2.8750,2.5926
TM1,1,TM,sr,2.8750,4.8458
TM1,1,TM,sr,2.8750,7.3649
TM1,1,TM,sr,2.8750,11.0261
TM1,1,TM,sr,2.8750,13.8381
TM1,1,TM,sr,3.1250,-8.1120
TM1,1,TM,sr,3.1250,-5.7431
TM1,1,TM,sr,3.1250,0.2649
TM1,1,TM,sr,3.1250,2.3435
TM1,1,TM,sr,3.1250,4.5423
TM1,1,TM,sr,3.1250,6.3122
TM1,1,TM,sr,3.1250,12.3850
TM1,1,TM,sr,3.3750,-7.4286
TM1,1,TM,sr,3.3750,-5.7677
TM1,1,TM,sr,3.3750,-3.8037
TM1,1,TM,sr,3.3750,0.3657
TM1,1,TM,sr,3.3750,2.1861
TM1,1,TM,sr,3.3750,5.5081
TM1,1,TM,sr,3.3750,10.7091
TM1,1,TM,sr,3.6250,-1.8799
TM1,1,TM,sr,3.6250,0.4187
TM1,1,TM,sr,3.6250,2.0665
TM1,1,TM,sr,3.6250,4.9623
TM1,1,TM,sr,3.6250,9.4274
TM1,1,TM,sr,3.6250,14.4022
TM1,1,TM,sr,3.8750,-0.6496
TM1,1,TM,sr,3.8750,0.4750
TM1,1,TM,sr,3.8750,1.9779
TM1,1,TM,sr,3.8750,4.5639
TM1,1,TM,sr,3.8750,8.4312
TM1,1,TM,sr,3.8750,13.6742
TM1,1,TM,sr,4.1250,0.4208
TM1,1,TM,sr,4.1250,1.9372
TM1,1,TM,sr,4.1250,4.3713
TM1,1,TM,sr,4.1250,6.3386
TM1,1,TM,sr,4.1250,7.9333
TM1,1,TM,sr,4.1250,10.5217
TM1,1,TM,sr,4.1250,12.5648
TM1,1,TM,sr,4.3750,0.4349
TM1,1,TM,sr,4.3750,2.0663
TM1,1,TM,sr,4.3750,4.3004
TM1,1,TM,sr,4.3750,5.9285
TM1,1,TM,sr,4.3750,7.6376
TM1,1,TM,sr,4.3750,11.9254
TM1,1,TM,sr,4.3750,14.5922
TM1,1,TM,sr,4.6250,0.5050
TM1,1,TM,sr,4.6250,2.0491
TM1,1,TM,sr,4.6250,4.2940
TM1,1,TM,sr,4.6250,7.5060
TM1,1,TM,sr,4.6250,11.7155
TM1,1,TM,sr,4.8750,-6.2616
TM1,1,TM,sr,4.8750,0.4858
TM1,1,TM,sr,4.8750,1.9922
TM1,1,TM,sr,4.8750,4.2030
TM1,1,TM,sr,4.8750,7.4105
TM1,1,TM,sr,4.8750,11.1122
TM1,1,TM,sr,5.1250,-2.1104
TM1,1,TM,sr,5.1250,0.4577
TM1,1,TM,sr,5.1250,1.9189
TM1,1,TM,sr,5.1250,3.9680
TM1,1,TM,sr,5.1250,6.8003
TM1,1,TM,sr,5.1250,10.3924
TM1,1,TM,sr,5.1250,14.3194
TM1,1,TM,sr,5.3750,-0.1463
TM1,1,TM,sr,5.3750,1.8065
TM1,1,TM,sr,5.3750,3.7687
TM1,1,TM,sr,5.3750,6.3349
TM1,1,TM,sr,5.3750,9.6047
TM1,1,TM,sr,5.3750,13.3938
TM1,1,TM,sr,5.6250,1.4914
TM1,1,TM,sr,5.6250,5.8967
TM1,1,TM,sr,5.6250,8.7687
TM1,1,TM,sr,5.6250,12.2836
TM1,1,TM,sr,5.8750,2.4598
TM1,1,TM,sr,5.8750,8.1693
TM1,1,TM,sr,5.8750,11.3575
TM1,1,TM,sr,6.1250,2.1614
TM1,1,TM,sr,6.1250,7.4029
TM1,1,TM,sr,6.1250,10.3715
TM1,1,TM,sr,6.1250,13.8594
TM1,1,TM,sr,6.3750,-7.3278
TM1,1,TM,sr,6.3750,-5.1608
TM1,1,TM,sr,6.3750,-3.8976
TM1,1,TM,sr,6.3750,2.4109
TM1,1,TM,sr,6.3750,7.0146
TM1,1,TM,sr,6.3750,9.7902
TM1,1,TM,sr,6.3750,12.9883
TM1,1,TM,sr,6.6250,-2.2539
TM1,1,TM,sr,6.6250,2.4710
TM1,1,TM,sr,6.6250,6.5648
TM1,1,TM,sr,6.6250,9.1352
TM1,1,TM,sr,6.6250,12.3649
TM1,1,TM,sr,6.8750,0.9569
TM1,1,TM,sr,6.8750,2.7491
TM1,1,TM,sr,6.8750,4.3045
TM1,1,TM,sr,6.8750,6.2486
TM1,1,TM,sr,6.8750,8.5668
TM1,1,TM,sr,6.8750,10.7431
TM1,1,TM,sr,6.8750,14.5844
TM1,1,TM,sr,7.1250,1.9300
TM1,1,TM,sr,7.1250,5.9505
TM1,1,TM,sr,7.1250,8.1667
TM1,1,TM,sr,7.1250,10.7000
TM1,1,TM,sr,7.3750,2.6879
TM1,1,TM,sr,7.3750,7.8954
TM1,1,TM,sr,7.3750,10.3445
TM1,1,TM,sr,7.6250,2.9252
TM1,1,TM,sr,7.6250,7.8864
TM1,1,TM,sr,7.6250,10.2609
TM1,1,TM,sr,7.8750,-7.3417
TM1,1,TM,sr,7.8750,1.5135
TM1,1,TM,sr,7.8750,4.9020
TM1,1,TM,sr,7.8750,7.8088
TM1,1,TM,sr,7.8750,10.0989
TM1,1,TM,sr,8.1250,-3.3201
TM1,1,TM,sr,8.1250,3.4830
TM1,1,TM,sr,8.1250,9.7462
TM1,1,TM,sr,8.1250,14.5571
TM1,1,TM,sr,8.3750,0.7494
TM1,1,TM,sr,8.3750,4.6995
TM1,1,TM,sr,8.3750,7.2267
TM1,1,TM,sr,8.3750,9.2922
TM1,1,TM,sr,8.3750,14.5981
TM1,1,TM,sr,8.6250,2.9701
TM1,1,TM,sr,8.6250,8.8760
TM1,1,TM,sr,8.6250,10.8333
TM1,1,TM,sr,8.8750,1.5062
TM1,1,TM,sr,8.8750,6.8716
TM1,1,TM,sr,8.8750,10.4712
TM1,1,TM,sr,9.1250,1.9738
TM1,1,TM,sr,9.1250,7.1564
TM1,1,TM,sr,9.1250,10.0098
TM1,1,TM,sr,9.1250,14.5844
TM1,1,TM,sr,9.3750,-8.6355
TM1,1,TM,sr,9.3750,-5.8907
TM1,1,TM,sr,9.3750,3.2431
TM1,1,TM,sr,9.3750,9.4364
TM1,1,TM,sr,9.6250,-3.0329
TM1,1,TM,sr,9.6250,5.1556
TM1,1,TM,sr,9.6250,12.8704
TM1,1,TM,sr,9.8750,0.4823
TM1,1,TM,sr,9.8750,2.6617
TM1,1,TM,sr,9.8750,6.4272
TM1,1,TM,sr,9.8750,8.8330
TM1,1,TM,sr,9.8750,12.8100
TM1,1,TM,nr,0.1250,2.5117
TM1,1,TM,nr,0.3750,1.0861
TM1,1,TM,nr,0.6250,1.0922
TM1,1,TM,nr,0.8750,1.0974
TM1,1,TM,nr,1.1250,1.0974
TM1,1,TM,nr,1.3750,1.0974
TM1,1,TM,nr,1.3750,12.9015
TM1,1,TM,nr,1.6250,1.0974
TM1,1,TM,nr,1.6250,9.8367
TM1,1,TM,nr,1.8750,1.0974
TM1,1,TM,nr,1.8750,7.6366
TM1,1,TM,nr,2.1250,1.0974
TM1,1,TM,nr,2.1250,6.3679
TM1,1,TM,nr,2.1250,14.3766
TM1,1,TM,nr,2.3750,1.0974
TM1,1,TM,nr,2.3750,5.5452
TM1,1,TM,nr,2.3750,13.1896
TM1,1,TM,nr,2.6250,1.0974
TM1,1,TM,nr,2.6250,5.0929
TM1,1,TM,nr,2.6250,11.7928
TM1,1,TM,nr,2.8750,1.0974
TM1,1,TM,nr,2.8750,4.8454
TM1,1,TM,nr,2.8750,11.0398
TM1,1,TM,nr,3.1250,-8.0150
TM1,1,TM,nr,3.1250,1.0974
TM1,1,TM,nr,3.1250,4.6193
TM1,1,TM,nr,3.1250,10.2946
TM1,1,TM,nr,3.3750,-4.4574
TM1,1,TM,nr,3.3750,1.0974
TM1,1,TM,nr,3.3750,4.3058
TM1,1,TM,nr,3.3750,9.3128
TM1,1,TM,nr,3.6250,-1.4984
TM1,1,TM,nr,3.6250,1.0974
TM1,1,TM,nr,3.6250,3.9596
TM1,1,TM,nr,3.6250,8.3213
TM1,1,TM,nr,3.6250,13.9259
TM1,1,TM,nr,3.8750,-0.5431
TM1,1,TM,nr,3.8750,1.0974
TM1,1,TM,nr,3.8750,3.6359
TM1,1,TM,nr,3.8750,7.4370
TM1,1,TM,nr,3.8750,12.5611
TM1,1,TM,nr,4.1250,0.5556
TM1,1,TM,nr,4.1250,3.3416
TM1,1,TM,nr,4.1250,6.7164
TM1,1,TM,nr,4.1250,11.1986
TM1,1,TM,nr,4.3750,0.6460
TM1,1,TM,nr,4.3750,3.0815
TM1,1,TM,nr,4.3750,6.0417
TM1,1,TM,nr,4.3750,10.0096
TM1,1,TM,nr,4.3750,14.3738
TM1,1,TM,nr,4.6250,0.6926
TM1,1,TM,nr,4.6250,2.8493
TM1,1,TM,nr,4.6250,5.5130
TM1,1,TM,nr,4.6250,9.0506
TM1,1,TM,nr,4.6250,13.5083
TM1,1,TM,nr,4.8750,0.6971
TM1,1,TM,nr,4.8750,2.6832
TM1,1,TM,nr,4.8750,5.0625
TM1,1,TM,nr,4.8750,8.2219
TM1,1,TM,nr,4.8750,12.1873
TM1,1,TM,nr,5.1250,0.7398
TM1,1,TM,nr,5.1250,2.5461
TM1,1,TM,nr,5.1250,4.6982
TM1,1,TM,nr,5.1250,7.5582
TM1,1,TM,nr,5.1250,11.1290
TM1,1,TM,nr,5.3750,0.7297
TM1,1,TM,nr,5.3750,2.4529
TM1,1,TM,nr,5.3750,4.4131
TM1,1,TM,nr,5.3750,7.0250
TM1,1,TM,nr,5.3750,10.2704
TM1,1,TM,nr,5.3750,14.0753
TM1,1,TM,nr,5.6250,0.7607
TM1,1,TM,nr,5.6250,2.3911
TM1,1,TM,nr,5.6250,4.2399
TM1,1,TM,nr,5.6250,6.6392
TM1,1,TM,nr,5.6250,9.6340
TM1,1,TM,nr,5.6250,13.1719
TM1,1,TM,nr,5.8750,0.7607
TM1,1,TM,nr,5.8750,2.3697
TM1,1,TM,nr,5.8750,4.1544
TM1,1,TM,nr,5.8750,6.4549
TM1,1,TM,nr,5.8750,9.2673
TM1,1,TM,nr,5.8750,12.6252
TM1,1,TM,nr,6.1250,0.7742
TM1,1,TM,nr,6.1250,2.3631
TM1,1,TM,nr,6.1250,4.1314
TM1,1,TM,nr,6.1250,6.3994
TM1,1,TM,nr,6.1250,9.1728
TM1,1,TM,nr,6.1250,12.4512
TM1,1,TM,nr,6.3750,-6.8443
TM1,1,TM,nr,6.3750,0.7509
TM1,1,TM,nr,6.3750,2.3345
TM1,1,TM,nr,6.3750,4.0748
TM1,1,TM,nr,6.3750,6.2784
TM1,1,TM,nr,6.3750,8.9596
TM1,1,TM,nr,6.3750,12.1055
TM1,1,TM,nr,6.6250,-2.6933
TM1,1,TM,nr,6.6250,0.7557
TM1,1,TM,nr,6.6250,2.2989
TM1,1,TM,nr,6.6250,3.9481
TM1,1,TM,nr,6.6250,6.0412
TM1,1,TM,nr,6.6250,8.5319
TM1,1,TM,nr,6.6250,11.7454
TM1,1,TM,nr,6.6250,14.5817
TM1,1,TM,nr,6.8750,0.5557
TM1,1,TM,nr,6.8750,3.7826
TM1,1,TM,nr,6.8750,5.7345
TM1,1,TM,nr,6.8750,8.0740
TM1,1,TM,nr,6.8750,10.7292
TM1,1,TM,nr,7.1250,0.8789
TM1,1,TM,nr,7.1250,3.6116
TM1,1,TM,nr,7.1250,5.4286
TM1,1,TM,nr,7.1250,7.5935
TM1,1,TM,nr,7.1250,10.1287
TM1,1,TM,nr,7.3750,0.8882
TM1,1,TM,nr,7.3750,3.4427
TM1,1,TM,nr,7.3750,5.1348
TM1,1,TM,nr,7.3750,7.1427
TM1,1,TM,nr,7.3750,9.5136
TM1,1,TM,nr,7.6250,0.9200
TM1,1,TM,nr,7.6250,3.2977
TM1,1,TM,nr,7.6250,4.8592
TM1,1,TM,nr,7.6250,6.7520
TM1,1,TM,nr,7.6250,8.9469
TM1,1,TM,nr,7.6250,14.5694
TM1,1,TM,nr,7.8750,1.3620
TM1,1,TM,nr,7.8750,4.6333
TM1,1,TM,nr,7.8750,6.4020
TM1,1,TM,nr,7.8750,8.4774
TM1,1,TM,nr,7.8750,10.7586
TM1,1,TM,nr,8.1250,1.3221
TM1,1,TM,nr,8.1250,4.4344
TM1,1,TM,nr,8.1250,6.1056
TM1,1,TM,nr,8.1250,8.0461
TM1,1,TM,nr,8.1250,10.2477
TM1,1,TM,nr,8.3750,1.2658
TM1,1,TM,nr,8.3750,4.2549
TM1,1,TM,nr,8.3750,5.8283
TM1,1,TM,nr,8.3750,7.6539
TM1,1,TM,nr,8.3750,9.7292
TM1,1,TM,nr,8.3750,14.5571
TM1,1,TM,nr,8.6250,1.3249
TM1,1,TM,nr,8.6250,4.1299
TM1,1,TM,nr,8.6250,5.6143
TM1,1,TM,nr,8.6250,7.3442
TM1,1,TM,nr,8.6250,9.3197
TM1,1,TM,nr,8.8750,1.3321
TM1,1,TM,nr,8.8750,4.0569
TM1,1,TM,nr,8.8750,5.4927
TM1,1,TM,nr,8.8750,7.1608
TM1,1,TM,nr,8.8750,9.0453
TM1,1,TM,nr,9.1250,1.4481
TM1,1,TM,nr,9.1250,4.0267
TM1,1,TM,nr,9.1250,5.4563
TM1,1,TM,nr,9.1250,7.0941
TM1,1,TM,nr,9.1250,8.9469
TM1,1,TM,nr,9.1250,10.9646
TM1,1,TM,nr,9.3750,-7.6582
TM1,1,TM,nr,9.3750,1.4050
TM1,1,TM,nr,9.3750,4.0080
TM1,1,TM,nr,9.3750,5.4287
TM1,1,TM,nr,9.3750,7.0393
TM1,1,TM,nr,9.3750,8.8655
TM1,1,TM,nr,9.3750,10.8760
TM1,1,TM,nr,9.6250,-3.6529
TM1,1,TM,nr,9.6250,1.7843
TM1,1,TM,nr,9.6250,5.3150
TM1,1,TM,nr,9.6250,6.8669
TM1,1,TM,nr,9.6250,8.6147
TM1,1,TM,nr,9.6250,10.5681
TM1,1,TM,nr,9.6250,12.4902
TM1,1,TM,nr,9.8750,-1.4717
TM1,1,TM,nr,9.8750,1.2708
TM1,1,TM,nr,9.8750,3.9026
TM1,1,TM,nr,9.8750,5.2246
TM1,1,TM,nr,9.8750,6.7261
TM1,1,TM,nr,9.8750,8.4279
TM1,1,TM,nr,9.8750,10.3472
TM1,1,TM,nr,9.8750,12.4141
TM2,2,TM,sr,0.1250,-1.2402
TM2,2,TM,sr,0.3750,-1.2534
TM2,2,TM,sr,0.6250,-1.3823
TM2,2,TM,sr,0.8750,-1.5518
TM2,2,TM,sr,1.1250,-1.8076
TM2,2,TM,sr,1.3750,-2.3027
TM2,2,TM,sr,1.3750,14.5325
TM2,2,TM,sr,1.6250,-3.0558
TM2,2,TM,sr,1.6250,12.5872
TM2,2,TM,sr,1.8750,-3.9840
TM2,2,TM,sr,1.8750,8.9716
TM2,2,TM,sr,1.8750,13.1053
TM2,2,TM,sr,2.1250,-4.6733
TM2,2,TM,sr,2.1250,6.7486
TM2,2,TM,sr,2.3750,-4.5920
TM2,2,TM,sr,2.3750,4.8192
TM2,2,TM,sr,2.3750,7.3720
TM2,2,TM,sr,2.3750,13.4752
TM2,2,TM,sr,2.6250,-3.6706
TM2,2,TM,sr,2.6250,3.8729
TM2,2,TM,sr,2.6250,5.7972
TM2,2,TM,sr,2.6250,11.5814
TM2,2,TM,sr,2.8750,-2.4470
TM2,2,TM,sr,2.8750,3.2958
TM2,2,TM,sr,2.8750,5.1698
TM2,2,TM,sr,2.8750,9.5666
TM2,2,TM,sr,3.1250,-1.4513
TM2,2,TM,sr,3.1250,2.9033
TM2,2,TM,sr,3.1250,4.5768
TM2,2,TM,sr,3.1250,7.9979
TM2,2,TM,sr,3.1250,10.1181
TM2,2,TM,sr,3.1250,14.3004
TM2,2,TM,sr,3.3750,-0.7102
TM2,2,TM,sr,3.3750,2.6219
TM2,2,TM,sr,3.3750,4.1732
TM2,2,TM,sr,3.3750,6.9331
TM2,2,TM,sr,3.3750,8.8484
TM2,2,TM,sr,3.3750,12.9660
TM2,2,TM,sr,3.6250,-0.2440
TM2,2,TM,sr,3.6250,2.4077
TM2,2,TM,sr,3.6250,3.8451
TM2,2,TM,sr,3.6250,6.1620
TM2,2,TM,sr,3.6250,8.0118
TM2,2,TM,sr,3.6250,11.3185
TM2,2,TM,sr,3.8750,0.0031
TM2,2,TM,sr,3.8750,2.2337
TM2,2,TM,sr,3.8750,3.8287
TM2,2,TM,sr,3.8750,5.4460
TM2,2,TM,sr,3.8750,7.5689
TM2,2,TM,sr,3.8750,9.9459
TM2,2,TM,sr,3.8750,12.3179
TM2,2,TM,sr,4.1250,0.2234
TM2,2,TM,sr,4.1250,2.0871
TM2,2,TM,sr,4.1250,3.5475
TM2,2,TM,sr,4.1250,4.9526
TM2,2,TM,sr,4.1250,7.1506
TM2,2,TM,sr,4.1250,8.8499
TM2,2,TM,sr,4.1250,13.7496
TM2,2,TM,sr,4.3750,-9.1798
TM2,2,TM,sr,4.3750,-7.2386
TM2,2,TM,sr,4.3750,-5.3740
TM2,2,TM,sr,4.3750,0.3413
TM2,2,TM,sr,4.3750,1.9710
TM2,2,TM,sr,4.3750,4.4622
TM2,2,TM,sr,4.3750,7.8769
TM2,2,TM,sr,4.3750,12.4293
TM2,2,TM,sr,4.6250,-3.0487
TM2,2,TM,sr,4.6250,0.4331
TM2,2,TM,sr,4.6250,1.8891
TM2,2,TM,sr,4.6250,4.0597
TM2,2,TM,sr,4.6250,7.2746
TM2,2,TM,sr,4.6250,11.2721
TM2,2,TM,sr,4.8750,-0.8711
TM2,2,TM,sr,4.8750,0.4811
TM2,2,TM,sr,4.8750,2.7128
TM2,2,TM,sr,4.8750,6.6423
TM2,2,TM,sr,4.8750,10.3014
TM2,2,TM,sr,4.8750,14.3535
TM2,2,TM,sr,5.1250,0.4033
TM2,2,TM,sr,5.1250,2.7339
TM2,2,TM,sr,5.1250,6.2148
TM2,2,TM,sr,5.1250,9.5066
TM2,2,TM,sr,5.1250,13.4562
TM2,2,TM,sr,5.3750,0.5116
TM2,2,TM,sr,5.3750,2.6981
TM2,2,TM,sr,5.3750,5.8967
TM2,2,TM,sr,5.3750,7.5197
TM2,2,TM,sr,5.3750,8.9481
TM2,2,TM,sr,5.3750,12.6396
TM2,2,TM,sr,5.6250,0.4810
TM2,2,TM,sr,5.6250,2.7927
TM2,2,TM,sr,5.6250,5.8032
TM2,2,TM,sr,5.6250,8.6899
TM2,2,TM,sr,5.6250,10.6078
TM2,2,TM,sr,5.6250,12.1616
TM2,2,TM,sr,5.6250,14.2372
TM2,2,TM,sr,5.8750,1.0564
TM2,2,TM,sr,5.8750,3.5082
TM2,2,TM,sr,5.8750,5.7539
TM2,2,TM,sr,5.8750,8.5002
TM2,2,TM,sr,5.8750,11.9449
TM2,2,TM,sr,6.1250,-6.5364
TM2,2,TM,sr,6.1250,1.7664
TM2,2,TM,sr,6.1250,5.5884
TM2,2,TM,sr,6.1250,8.2810
TM2,2,TM,sr,6.1250,11.4485
TM2,2,TM,sr,6.3750,-2.3985
TM2,2,TM,sr,6.3750,1.1653
TM2,2,TM,sr,6.3750,3.3104
TM2,2,TM,sr,6.3750,5.3447
TM2,2,TM,sr,6.3750,7.8504
TM2,2,TM,sr,6.3750,10.8000
TM2,2,TM,sr,6.3750,14.3231
TM2,2,TM,sr,6.6250,1.9216
TM2,2,TM,sr,6.6250,7.3893
TM2,2,TM,sr,6.6250,10.0276
TM2,2,TM,sr,6.8750,2.1354
TM2,2,TM,sr,6.8750,6.9154
TM2,2,TM,sr,6.8750,9.5221
TM2,2,TM,sr,7.1250,1.2614
TM2,2,TM,sr,7.1250,4.5081
TM2,2,TM,sr,7.1250,6.5498
TM2,2,TM,sr,7.1250,8.8875
TM2,2,TM,sr,7.1250,14.5866
TM2,2,TM,sr,7.3750,2.5470
TM2,2,TM,sr,7.3750,9.5215
TM2,2,TM,sr,7.6250,-9.4587
TM2,2,TM,sr,7.6250,-6.9119
TM2,2,TM,sr,7.6250,-5.1033
TM2,2,TM,sr,7.6250,2.6462
TM2,2,TM,sr,7.6250,7.7964
TM2,2,TM,sr,7.6250,10.1379
TM2,2,TM,sr,7.8750,-2.6628
TM2,2,TM,sr,7.8750,3.4809
TM2,2,TM,sr,7.8750,9.6384
TM2,2,TM,sr,7.8750,14.5899
TM2,2,TM,sr,8.1250,3.1460
TM2,2,TM,sr,8.1250,9.1479
TM2,2,TM,sr,8.1250,10.7923
TM2,2,TM,sr,8.1250,14.5817
TM2,2,TM,sr,8.3750,2.9770
TM2,2,TM,sr,8.3750,8.7486
TM2,2,TM,sr,8.3750,10.8117
TM2,2,TM,sr,8.6250,2.9801
TM2,2,TM,sr,8.6250,8.4704
TM2,2,TM,sr,8.6250,10.5660
TM2,2,TM,sr,8.6250,14.6063
TM2,2,TM,sr,8.8750,1.6428
TM2,2,TM,sr,8.8750,5.6285
TM2,2,TM,sr,8.8750,9.2656
TM2,2,TM,sr,9.1250,-8.7249
TM2,2,TM,sr,9.1250,2.7764
TM2,2,TM,sr,9.1250,8.3305
TM2,2,TM,sr,9.1250,10.3486
TM2,2,TM,sr,9.3750,-5.4683
TM2,2,TM,sr,9.3750,2.9074
TM2,2,TM,sr,9.3750,8.0885
TM2,2,TM,sr,9.3750,10.0517
TM2,2,TM,sr,9.3750,14.5866
TM2,2,TM,sr,9.6250,-1.5414
TM2,2,TM,sr,9.6250,3.5069
TM2,2,TM,sr,9.6250,9.6473
TM2,2,TM,sr,9.6250,11.6043
TM2,2,TM,sr,9.6250,13.8635
TM2,2,TM,sr,9.8750,1.1391
TM2,2,TM,sr,9.8750,4.5954
TM2,2,TM,sr,9.8750,6.4862
TM2,2,TM,sr,9.8750,7.6502
TM2,2,TM,sr,9.8750,9.6850
TM2,2,TM,sr,9.8750,11.3963
TM2,2,TM,sr,9.8750,13.6071
TM2,2,TM,nr,0.1250,2.5256
TM2,2,TM,nr,0.3750,1.0809
TM2,2,TM,nr,0.6250,1.0892
TM2,2,TM,nr,0.8750,1.0892
TM2,2,TM,nr,1.1250,1.0949
TM2,2,TM,nr,1.3750,1.0974
TM2,2,TM,nr,1.6250,1.0974
TM2,2,TM,nr,1.6250,13.6245
TM2,2,TM,nr,1.8750,1.0974
TM2,2,TM,nr,1.8750,11.2492
TM2,2,TM,nr,2.1250,1.0974
TM2,2,TM,nr,2.1250,8.7948
TM2,2,TM,nr,2.3750,1.0974
TM2,2,TM,nr,2.3750,7.0908
TM2,2,TM,nr,2.3750,14.5079
TM2,2,TM,nr,2.6250,1.0974
TM2,2,TM,nr,2.6250,5.9811
TM2,2,TM,nr,2.6250,13.3938
TM2,2,TM,nr,2.8750,1.0974
TM2,2,TM,nr,2.8750,5.1462
TM2,2,TM,nr,2.8750,11.3186
TM2,2,TM,nr,3.1250,1.0974
TM2,2,TM,nr,3.1250,4.5705
TM2,2,TM,nr,3.1250,9.7890
TM2,2,TM,nr,3.3750,1.0974
TM2,2,TM,nr,3.3750,4.1662
TM2,2,TM,nr,3.3750,8.7276
TM2,2,TM,nr,3.3750,14.3061
TM2,2,TM,nr,3.6250,1.0974
TM2,2,TM,nr,3.6250,3.8873
TM2,2,TM,nr,3.6250,7.9914
TM2,2,TM,nr,3.6250,13.4871
TM2,2,TM,nr,3.8750,1.0974
TM2,2,TM,nr,3.8750,3.7039
TM2,2,TM,nr,3.8750,7.5293
TM2,2,TM,nr,3.8750,12.6369
TM2,2,TM,nr,4.1250,1.0974
TM2,2,TM,nr,4.1250,3.5619
TM2,2,TM,nr,4.1250,7.1893
TM2,2,TM,nr,4.1250,11.9746
TM2,2,TM,nr,4.3750,-7.3490
TM2,2,TM,nr,4.3750,1.0974
TM2,2,TM,nr,4.3750,3.4081
TM2,2,TM,nr,4.3750,6.7696
TM2,2,TM,nr,4.3750,11.1737
TM2,2,TM,nr,4.6250,-3.5353
TM2,2,TM,nr,4.6250,1.0974
TM2,2,TM,nr,4.6250,3.2382
TM2,2,TM,nr,4.6250,6.2911
TM2,2,TM,nr,4.6250,10.2802
TM2,2,TM,nr,4.6250,14.4868
TM2,2,TM,nr,4.8750,-1.3780
TM2,2,TM,nr,4.8750,1.0974
TM2,2,TM,nr,4.8750,3.0445
TM2,2,TM,nr,4.8750,5.8350
TM2,2,TM,nr,4.8750,9.3925
TM2,2,TM,nr,4.8750,13.7602
TM2,2,TM,nr,5.1250,-0.5374
TM2,2,TM,nr,5.1250,1.0974
TM2,2,TM,nr,5.1250,2.8781
TM2,2,TM,nr,5.1250,5.3871
TM2,2,TM,nr,5.1250,8.6156
TM2,2,TM,nr,5.1250,12.5420
TM2,2,TM,nr,5.3750,0.5513
TM2,2,TM,nr,5.3750,2.7170
TM2,2,TM,nr,5.3750,4.9889
TM2,2,TM,nr,5.3750,7.9126
TM2,2,TM,nr,5.3750,11.4824
TM2,2,TM,nr,5.6250,0.6536
TM2,2,TM,nr,5.6250,2.5717
TM2,2,TM,nr,5.6250,4.6313
TM2,2,TM,nr,5.6250,7.2833
TM2,2,TM,nr,5.6250,10.5424
TM2,2,TM,nr,5.6250,14.1663
TM2,2,TM,nr,5.8750,0.6942
TM2,2,TM,nr,5.8750,2.4531
TM2,2,TM,nr,5.8750,4.3496
TM2,2,TM,nr,5.8750,6.7682
TM2,2,TM,nr,5.8750,9.7668
TM2,2,TM,nr,5.8750,13.2621
TM2,2,TM,nr,6.1250,0.7334
TM2,2,TM,nr,6.1250,2.3423
TM2,2,TM,nr,6.1250,4.0943
TM2,2,TM,nr,6.1250,6.3258
TM2,2,TM,nr,6.1250,9.0683
TM2,2,TM,nr,6.1250,12.2838
TM2,2,TM,nr,6.3750,1.2273
TM2,2,TM,nr,6.3750,3.8605
TM2,2,TM,nr,6.3750,5.9264
TM2,2,TM,nr,6.3750,8.4411
TM2,2,TM,nr,6.3750,11.5458
TM2,2,TM,nr,6.3750,14.5653
TM2,2,TM,nr,6.6250,1.2313
TM2,2,TM,nr,6.6250,3.6916
TM2,2,TM,nr,6.6250,5.6070
TM2,2,TM,nr,6.6250,7.9524
TM2,2,TM,nr,6.6250,10.6594
TM2,2,TM,nr,6.8750,1.2217
TM2,2,TM,nr,6.8750,3.5816
TM2,2,TM,nr,6.8750,5.3841
TM2,2,TM,nr,6.8750,7.5604
TM2,2,TM,nr,6.8750,10.1246
TM2,2,TM,nr,7.1250,1.1623
TM2,2,TM,nr,7.1250,3.5138
TM2,2,TM,nr,7.1250,5.2487
TM2,2,TM,nr,7.1250,7.3312
TM2,2,TM,nr,7.1250,9.7654
TM2,2,TM,nr,7.3750,1.1716
TM2,2,TM,nr,7.3750,3.4984
TM2,2,TM,nr,7.3750,5.1977
TM2,2,TM,nr,7.3750,7.2522
TM2,2,TM,nr,7.3750,9.6335
TM2,2,TM,nr,7.6250,-7.4371
TM2,2,TM,nr,7.6250,1.1795
TM2,2,TM,nr,7.6250,3.4580
TM2,2,TM,nr,7.6250,5.1292
TM2,2,TM,nr,7.6250,7.1300
TM2,2,TM,nr,7.6250,9.4544
TM2,2,TM,nr,7.8750,-3.7042
TM2,2,TM,nr,7.8750,1.1296
TM2,2,TM,nr,7.8750,3.3869
TM2,2,TM,nr,7.8750,4.9927
TM2,2,TM,nr,7.8750,6.9035
TM2,2,TM,nr,7.8750,9.1118
TM2,2,TM,nr,7.8750,14.5571
TM2,2,TM,nr,8.1250,0.3069
TM2,2,TM,nr,8.1250,3.2928
TM2,2,TM,nr,8.1250,4.8058
TM2,2,TM,nr,8.1250,6.6161
TM2,2,TM,nr,8.1250,8.6944
TM2,2,TM,nr,8.1250,10.8743
TM2,2,TM,nr,8.3750,1.1913
TM2,2,TM,nr,8.3750,4.6031
TM2,2,TM,nr,8.3750,6.3007
TM2,2,TM,nr,8.3750,8.2536
TM2,2,TM,nr,8.3750,10.4748
TM2,2,TM,nr,8.6250,1.2393
TM2,2,TM,nr,8.6250,4.4182
TM2,2,TM,nr,8.6250,6.0059
TM2,2,TM,nr,8.6250,7.8475
TM2,2,TM,nr,8.6250,9.9595
TM2,2,TM,nr,8.6250,14.5571
TM2,2,TM,nr,8.8750,1.2910
TM2,2,TM,nr,8.8750,4.2130
TM2,2,TM,nr,8.8750,5.7183
TM2,2,TM,nr,8.8750,7.4714
TM2,2,TM,nr,8.8750,9.4372
TM2,2,TM,nr,9.1250,1.7495
TM2,2,TM,nr,9.1250,5.4783
TM2,2,TM,nr,9.1250,7.1268
TM2,2,TM,nr,9.1250,8.9871
TM2,2,TM,nr,9.1250,10.8779
TM2,2,TM,nr,9.3750,1.7044
TM2,2,TM,nr,9.3750,5.2434
TM2,2,TM,nr,9.3750,6.7880
TM2,2,TM,nr,9.3750,8.5598
TM2,2,TM,nr,9.3750,10.5252
TM2,2,TM,nr,9.6250,1.6739
TM2,2,TM,nr,9.6250,5.0334
TM2,2,TM,nr,9.6250,6.5221
TM2,2,TM,nr,9.6250,8.1926
TM2,2,TM,nr,9.6250,10.0465
TM2,2,TM,nr,9.6250,12.0093
TM2,2,TM,nr,9.6250,14.2853
TM2,2,TM,nr,9.8750,1.6832
TM2,2,TM,nr,9.8750,4.9360
TM2,2,TM,nr,9.8750,6.3780
TM2,2,TM,nr,9.8750,7.9921
TM2,2,TM,nr,9.8750,9.8024
TM2,2,TM,nr,9.8750,11.7782
TM2,2,TM,nr,9.8750,13.9911
TM3,3,TM,sr,0.3750,-1.1490
TM3,3,TM,sr,0.6250,-1.1824
TM3,3,TM,sr,0.8750,-1.2518
TM3,3,TM,sr,1.1250,-1.2850
TM3,3,TM,sr,1.3750,-1.3922
TM3,3,TM,sr,1.6250,-1.5771
TM3,3,TM,sr,1.8750,-1.8563
TM3,3,TM,sr,1.8750,13.7001
TM3,3,TM,sr,2.1250,-2.2872
TM3,3,TM,sr,2.1250,11.1415
TM3,3,TM,sr,2.1250,14.4094
TM3,3,TM,sr,2.3750,-2.9084
TM3,3,TM,sr,2.3750,8.4737
TM3,3,TM,sr,2.6250,-3.8151
TM3,3,TM,sr,2.6250,6.4987
TM3,3,TM,sr,2.6250,14.2343
TM3,3,TM,sr,2.8750,-4.7496
TM3,3,TM,sr,2.8750,5.0453
TM3,3,TM,sr,2.8750,12.5823
TM3,3,TM,sr,3.1250,-5.3263
TM3,3,TM,sr,3.1250,3.9933
TM3,3,TM,sr,3.1250,5.5102
TM3,3,TM,sr,3.1250,10.3336
TM3,3,TM,sr,3.3750,-5.0155
TM3,3,TM,sr,3.3750,3.6050
TM3,3,TM,sr,3.3750,8.8072
TM3,3,TM,sr,3.3750,14.5243
TM3,3,TM,sr,3.6250,-4.0093
TM3,3,TM,sr,3.6250,2.9698
TM3,3,TM,sr,3.6250,4.5866
TM3,3,TM,sr,3.6250,7.4976
TM3,3,TM,sr,3.6250,13.4806
TM3,3,TM,sr,3.8750,-2.7918
TM3,3,TM,sr,3.8750,2.6511
TM3,3,TM,sr,3.8750,4.0256
TM3,3,TM,sr,3.8750,6.5947
TM3,3,TM,sr,3.8750,11.7977
TM3,3,TM,sr,3.8750,13.8189
TM3,3,TM,sr,4.1250,-1.6981
TM3,3,TM,sr,4.1250,2.6148
TM3,3,TM,sr,4.1250,5.9211
TM3,3,TM,sr,4.1250,10.4246
TM3,3,TM,sr,4.3750,-0.9920
TM3,3,TM,sr,4.3750,2.3630
TM3,3,TM,sr,4.3750,5.3450
TM3,3,TM,sr,4.3750,9.4256
TM3,3,TM,sr,4.3750,14.1718
TM3,3,TM,sr,4.6250,-0.4210
TM3,3,TM,sr,4.6250,2.1790
TM3,3,TM,sr,4.6250,4.8780
TM3,3,TM,sr,4.6250,8.5148
TM3,3,TM,sr,4.6250,12.9097
TM3,3,TM,sr,4.8750,-0.0694
TM3,3,TM,sr,4.8750,3.2701
TM3,3,TM,sr,4.8750,5.8957
TM3,3,TM,sr,4.8750,7.6802
TM3,3,TM,sr,4.8750,9.3406
TM3,3,TM,sr,4.8750,11.6434
TM3,3,TM,sr,5.1250,0.1526
TM3,3,TM,sr,5.1250,3.1524
TM3,3,TM,sr,5.1250,5.4692
TM3,3,TM,sr,5.1250,7.0007
TM3,3,TM,sr,5.1250,8.8320
TM3,3,TM,sr,5.1250,10.6239
TM3,3,TM,sr,5.1250,12.8051
TM3,3,TM,sr,5.1250,14.3061
TM3,3,TM,sr,5.3750,-9.1365
TM3,3,TM,sr,5.3750,0.2974
TM3,3,TM,sr,5.3750,2.9408
TM3,3,TM,sr,5.3750,6.4111
TM3,3,TM,sr,5.3750,9.7009
TM3,3,TM,sr,5.3750,13.5447
TM3,3,TM,sr,5.6250,-7.3031
TM3,3,TM,sr,5.6250,-5.0664
TM3,3,TM,sr,5.6250,0.4031
TM3,3,TM,sr,5.6250,1.8058
TM3,3,TM,sr,5.6250,3.5918
TM3,3,TM,sr,5.6250,5.9214
TM3,3,TM,sr,5.6250,8.8832
TM3,3,TM,sr,5.6250,12.5379
TM3,3,TM,sr,5.8750,-2.4049
TM3,3,TM,sr,5.8750,0.4963
TM3,3,TM,sr,5.8750,2.5703
TM3,3,TM,sr,5.8750,5.5147
TM3,3,TM,sr,5.8750,8.3223
TM3,3,TM,sr,5.8750,11.5487
TM3,3,TM,sr,6.1250,-0.8605
TM3,3,TM,sr,6.1250,1.9652
TM3,3,TM,sr,6.1250,5.2368
TM3,3,TM,sr,6.1250,7.7710
TM3,3,TM,sr,6.1250,10.6978
TM3,3,TM,sr,6.1250,14.1918
TM3,3,TM,sr,6.3750,1.0768
TM3,3,TM,sr,6.3750,3.1445
TM3,3,TM,sr,6.3750,5.0180
TM3,3,TM,sr,6.3750,7.3418
TM3,3,TM,sr,6.3750,10.1559
TM3,3,TM,sr,6.3750,13.4421
TM3,3,TM,sr,6.6250,3.1467
TM3,3,TM,sr,6.6250,9.6302
TM3,3,TM,sr,6.6250,14.6063
TM3,3,TM,sr,6.8750,3.3477
TM3,3,TM,sr,6.8750,8.1102
TM3,3,TM,sr,6.8750,9.4838
TM3,3,TM,sr,6.8750,10.7677
TM3,3,TM,sr,7.1250,-9.1634
TM3,3,TM,sr,7.1250,2.2696
TM3,3,TM,sr,7.1250,6.8263
TM3,3,TM,sr,7.1250,9.3829
TM3,3,TM,sr,7.3750,-6.3547
TM3,3,TM,sr,7.3750,2.5142
TM3,3,TM,sr,7.3750,6.5947
TM3,3,TM,sr,7.3750,8.9728
TM3,3,TM,sr,7.6250,-2.3211
TM3,3,TM,sr,7.6250,2.6775
TM3,3,TM,sr,7.6250,6.4042
TM3,3,TM,sr,7.6250,8.5541
TM3,3,TM,sr,7.6250,10.8661
TM3,3,TM,sr,7.8750,2.4594
TM3,3,TM,sr,7.8750,8.1439
TM3,3,TM,sr,7.8750,10.4958
TM3,3,TM,sr,8.1250,1.0563
TM3,3,TM,sr,8.1250,4.0522
TM3,3,TM,sr,8.1250,5.7338
TM3,3,TM,sr,8.1250,7.7295
TM3,3,TM,sr,8.1250,9.9582
TM3,3,TM,sr,8.3750,2.3003
TM3,3,TM,sr,8.3750,8.3231
TM3,3,TM,sr,8.3750,14.5844
TM3,3,TM,sr,8.6250,4.0224
TM3,3,TM,sr,8.6250,10.8833
TM3,3,TM,sr,8.8750,-7.3425
TM3,3,TM,sr,8.8750,1.6957
TM3,3,TM,sr,8.8750,7.4262
TM3,3,TM,sr,9.1250,-3.4609
TM3,3,TM,sr,9.1250,4.5544
TM3,3,TM,sr,9.1250,14.5844
TM3,3,TM,sr,9.3750,-0.9449
TM3,3,TM,sr,9.3750,2.0503
TM3,3,TM,sr,9.3750,6.9368
TM3,3,TM,sr,9.3750,9.5683
TM3,3,TM,sr,9.6250,3.4209
TM3,3,TM,sr,9.6250,10.0876
TM3,3,TM,sr,9.6250,13.2841
TM3,3,TM,sr,9.8750,2.2055
TM3,3,TM,sr,9.8750,6.5816
TM3,3,TM,sr,9.8750,8.9961
TM3,3,TM,sr,9.8750,10.8661
TM3,3,TM,sr,9.8750,12.9747
TM3,3,TM,nr,0.1250,2.5246
TM3,3,TM,nr,0.3750,1.0856
TM3,3,TM,nr,0.6250,1.0809
TM3,3,TM,nr,0.8750,1.0892
TM3,3,TM,nr,1.1250,1.0949
TM3,3,TM,nr,1.3750,1.0922
TM3,3,TM,nr,1.6250,1.0974
TM3,3,TM,nr,1.8750,1.0974
TM3,3,TM,nr,1.8750,14.2114
TM3,3,TM,nr,2.1250,1.0974
TM3,3,TM,nr,2.1250,12.4931
TM3,3,TM,nr,2.3750,1.0974
TM3,3,TM,nr,2.3750,9.9145
TM3,3,TM,nr,2.6250,1.0974
TM3,3,TM,nr,2.6250,8.1531
TM3,3,TM,nr,2.8750,1.0974
TM3,3,TM,nr,2.8750,6.8296
TM3,3,TM,nr,2.8750,13.8596
TM3,3,TM,nr,3.1250,1.0974
TM3,3,TM,nr,3.1250,5.8851
TM3,3,TM,nr,3.1250,12.1586
TM3,3,TM,nr,3.3750,1.0974
TM3,3,TM,nr,3.3750,5.1188
TM3,3,TM,nr,3.3750,10.4166
TM3,3,TM,nr,3.6250,1.0974
TM3,3,TM,nr,3.6250,4.5300
TM3,3,TM,nr,3.6250,9.1233
TM3,3,TM,nr,3.6250,14.3901
TM3,3,TM,nr,3.8750,1.0974
TM3,3,TM,nr,3.8750,4.0928
TM3,3,TM,nr,3.8750,8.1229
TM3,3,TM,nr,3.8750,13.3618
TM3,3,TM,nr,4.1250,1.0974
TM3,3,TM,nr,4.1250,3.7549
TM3,3,TM,nr,4.1250,7.3078
TM3,3,TM,nr,4.1250,11.9395
TM3,3,TM,nr,4.3750,1.0974
TM3,3,TM,nr,4.3750,3.4884
TM3,3,TM,nr,4.3750,6.6798
TM3,3,TM,nr,4.3750,10.8532
TM3,3,TM,nr,4.6250,1.0974
TM3,3,TM,nr,4.6250,3.2780
TM3,3,TM,nr,4.6250,6.2260
TM3,3,TM,nr,4.6250,10.0226
TM3,3,TM,nr,4.6250,14.3590
TM3,3,TM,nr,4.8750,1.0974
TM3,3,TM,nr,4.8750,3.1361
TM3,3,TM,nr,4.8750,5.9015
TM3,3,TM,nr,4.8750,9.4353
TM3,3,TM,nr,4.8750,13.7779
TM3,3,TM,nr,5.1250,1.0974
TM3,3,TM,nr,5.1250,3.0191
TM3,3,TM,nr,5.1250,5.6395
TM3,3,TM,nr,5.1250,9.0088
TM3,3,TM,nr,5.1250,13.1096
TM3,3,TM,nr,5.3750,-9.3072
TM3,3,TM,nr,5.3750,1.0974
TM3,3,TM,nr,5.3750,2.9142
TM3,3,TM,nr,5.3750,5.3952
TM3,3,TM,nr,5.3750,8.5643
TM3,3,TM,nr,5.3750,12.3964
TM3,3,TM,nr,5.6250,-6.5470
TM3,3,TM,nr,5.6250,1.0974
TM3,3,TM,nr,5.6250,2.8076
TM3,3,TM,nr,5.6250,5.1344
TM3,3,TM,nr,5.6250,8.0635
TM3,3,TM,nr,5.6250,11.6195
TM3,3,TM,nr,5.8750,-2.6158
TM3,3,TM,nr,5.8750,1.0974
TM3,3,TM,nr,5.8750,2.6927
TM3,3,TM,nr,5.8750,4.8507
TM3,3,TM,nr,5.8750,7.5579
TM3,3,TM,nr,5.8750,10.8226
TM3,3,TM,nr,5.8750,14.3442
TM3,3,TM,nr,6.1250,-1.1507
TM3,3,TM,nr,6.1250,1.0974
TM3,3,TM,nr,6.1250,2.6007
TM3,3,TM,nr,6.1250,4.5784
TM3,3,TM,nr,6.1250,7.0663
TM3,3,TM,nr,6.1250,10.0661
TM3,3,TM,nr,6.1250,13.5863
TM3,3,TM,nr,6.3750,-0.4413
TM3,3,TM,nr,6.3750,1.0974
TM3,3,TM,nr,6.3750,2.4847
TM3,3,TM,nr,6.3750,4.3048
TM3,3,TM,nr,6.3750,6.6156
TM3,3,TM,nr,6.3750,9.3666
TM3,3,TM,nr,6.3750,12.8215
TM3,3,TM,nr,6.6250,0.5802
TM3,3,TM,nr,6.6250,2.3808
TM3,3,TM,nr,6.6250,4.0646
TM3,3,TM,nr,6.6250,6.1971
TM3,3,TM,nr,6.6250,8.7579
TM3,3,TM,nr,6.6250,14.5571
TM3,3,TM,nr,6.8750,0.6666
TM3,3,TM,nr,6.8750,2.2819
TM3,3,TM,nr,6.8750,3.8507
TM3,3,TM,nr,6.8750,5.8119
TM3,3,TM,nr,6.8750,8.1635
TM3,3,TM,nr,6.8750,10.7643
TM3,3,TM,nr,6.8750,14.5571
TM3,3,TM,nr,7.1250,1.1539
TM3,3,TM,nr,7.1250,3.6565
TM3,3,TM,nr,7.1250,5.4689
TM3,3,TM,nr,7.1250,7.6629
TM3,3,TM,nr,7.1250,10.2264
TM3,3,TM,nr,7.3750,1.1921
TM3,3,TM,nr,7.3750,3.4953
TM3,3,TM,nr,7.3750,5.1906
TM3,3,TM,nr,7.3750,7.2390
TM3,3,TM,nr,7.3750,9.6270
TM3,3,TM,nr,7.6250,1.1596
TM3,3,TM,nr,7.6250,3.3567
TM3,3,TM,nr,7.6250,4.9542
TM3,3,TM,nr,7.6250,6.8538
TM3,3,TM,nr,7.6250,9.0978
TM3,3,TM,nr,7.6250,14.5735
TM3,3,TM,nr,7.8750,1.1317
TM3,3,TM,nr,7.8750,3.2361
TM3,3,TM,nr,7.8750,4.7386
TM3,3,TM,nr,7.8750,6.5486
TM3,3,TM,nr,7.8750,8.6357
TM3,3,TM,nr,7.8750,10.8563
TM3,3,TM,nr,8.1250,1.5589
TM3,3,TM,nr,8.1250,4.6030
TM3,3,TM,nr,8.1250,6.2903
TM3,3,TM,nr,8.1250,8.2743
TM3,3,TM,nr,8.1250,10.5199
TM3,3,TM,nr,8.3750,1.5657
TM3,3,TM,nr,8.3750,4.5112
TM3,3,TM,nr,8.3750,6.1449
TM3,3,TM,nr,8.3750,8.0407
TM3,3,TM,nr,8.3750,10.1943
TM3,3,TM,nr,8.6250,1.6250
TM3,3,TM,nr,8.6250,4.4600
TM3,3,TM,nr,8.6250,6.0758
TM3,3,TM,nr,8.6250,7.9380
TM3,3,TM,nr,8.6250,10.0559
TM3,3,TM,nr,8.8750,-7.9044
TM3,3,TM,nr,8.8750,1.6427
TM3,3,TM,nr,8.8750,4.4159
TM3,3,TM,nr,8.8750,5.9930
TM3,3,TM,nr,8.8750,7.8056
TM3,3,TM,nr,8.8750,9.8749
TM3,3,TM,nr,8.8750,14.5735
TM3,3,TM,nr,9.1250,-4.1497
TM3,3,TM,nr,9.1250,1.5789
TM3,3,TM,nr,9.1250,4.3199
TM3,3,TM,nr,9.1250,5.8290
TM3,3,TM,nr,9.1250,7.5809
TM3,3,TM,nr,9.1250,9.5471
TM3,3,TM,nr,9.3750,-1.3435
TM3,3,TM,nr,9.3750,1.5438
TM3,3,TM,nr,9.3750,4.1822
TM3,3,TM,nr,9.3750,5.6260
TM3,3,TM,nr,9.3750,7.2992
TM3,3,TM,nr,9.3750,9.1514
TM3,3,TM,nr,9.3750,10.9482
TM3,3,TM,nr,9.6250,1.5364
TM3,3,TM,nr,9.6250,5.4186
TM3,3,TM,nr,9.6250,6.9924
TM3,3,TM,nr,9.6250,8.7639
TM3,3,TM,nr,9.6250,10.7214
TM3,3,TM,nr,9.6250,12.8242
TM3,3,TM,nr,9.8750,1.2082
TM3,3,TM,nr,9.8750,3.9342
TM3,3,TM,nr,9.8750,5.2675
TM3,3,TM,nr,9.8750,6.8118
TM3,3,TM,nr,9.8750,8.4981
TM3,3,TM,nr,9.8750,10.4267
TM3,3,TM,nr,9.8750,12.5086
TE1,1,TE,sr,0.8750,14.1030
TE1,1,TE,sr,1.1250,11.0869
TE1,1,TE,sr,1.3750,6.6326
TE1,1,TE,sr,1.6250,4.6167
TE1,1,TE,sr,1.6250,13.7572
TE1,1,TE,sr,1.8750,3.6318
TE1,1,TE,sr,1.8750,13.1830
TE1,1,TE,sr,2.1250,3.0702
TE1,1,TE,sr,2.1250,10.6226
TE1,1,TE,sr,2.3750,2.7691
TE1,1,TE,sr,2.3750,8.6863
TE1,1,TE,sr,2.6250,2.6330
TE1,1,TE,sr,2.6250,6.1090
TE1,1,TE,sr,2.6250,7.8383
TE1,1,TE,sr,2.6250,12.2992
TE1,1,TE,sr,2.6250,14.1555
TE1,1,TE,sr,2.8750,2.6195
TE1,1,TE,sr,2.8750,4.8064
TE1,1,TE,sr,2.8750,7.4683
TE1,1,TE,sr,2.8750,11.4680
TE1,1,TE,sr,3.1250,-8.5392
TE1,1,TE,sr,3.1250,2.5913
TE1,1,TE,sr,3.1250,4.4073
TE1,1,TE,sr,3.1250,7.3317
TE1,1,TE,sr,3.1250,8.7380
TE1,1,TE,sr,3.1250,10.5067
TE1,1,TE,sr,3.1250,14.2416
TE1,1,TE,sr,3.3750,-4.9150
TE1,1,TE,sr,3.3750,2.5981
TE1,1,TE,sr,3.3750,6.8582
TE1,1,TE,sr,3.3750,13.1237
TE1,1,TE,sr,3.6250,-1.1255
TE1,1,TE,sr,3.6250,2.4663
TE1,1,TE,sr,3.6250,6.2843
TE1,1,TE,sr,3.6250,11.6021
TE1,1,TE,sr,3.8750,-0.1821
TE1,1,TE,sr,3.8750,2.3327
TE1,1,TE,sr,3.8750,5.6134
TE1,1,TE,sr,3.8750,10.2336
TE1,1,TE,sr,4.1250,0.1980
TE1,1,TE,sr,4.1250,2.2859
TE1,1,TE,sr,4.1250,5.1361
TE1,1,TE,sr,4.1250,9.1583
TE1,1,TE,sr,4.1250,14.1721
TE1,1,TE,sr,4.3750,0.4037
TE1,1,TE,sr,4.3750,2.0738
TE1,1,TE,sr,4.3750,4.6476
TE1,1,TE,sr,4.3750,8.2393
TE1,1,TE,sr,4.3750,12.8551
TE1,1,TE,sr,4.6250,0.5185
TE1,1,TE,sr,4.6250,1.9769
TE1,1,TE,sr,4.6250,4.1645
TE1,1,TE,sr,4.6250,5.7425
TE1,1,TE,sr,4.6250,7.3382
TE1,1,TE,sr,4.6250,9.5507
TE1,1,TE,sr,4.6250,11.5146
TE1,1,TE,sr,4.6250,14.0822
TE1,1,TE,sr,4.8750,-9.5698
TE1,1,TE,sr,4.8750,-7.3072
TE1,1,TE,sr,4.8750,-5.2199
TE1,1,TE,sr,4.8750,-3.6663
TE1,1,TE,sr,4.8750,0.5880
TE1,1,TE,sr,4.8750,1.7979
TE1,1,TE,sr,4.8750,3.8350
TE1,1,TE,sr,4.8750,6.7204
TE1,1,TE,sr,4.8750,10.4196
TE1,1,TE,sr,4.8750,14.4218
TE1,1,TE,sr,5.1250,-2.1823
TE1,1,TE,sr,5.1250,2.1292
TE1,1,TE,sr,5.1250,6.1009
TE1,1,TE,sr,5.1250,9.4880
TE1,1,TE,sr,5.1250,13.5341
TE1,1,TE,sr,5.3750,1.0630
TE1,1,TE,sr,5.3750,3.3853
TE1,1,TE,sr,5.3750,5.6856
TE1,1,TE,sr,5.3750,8.6951
TE1,1,TE,sr,5.3750,12.3808
TE1,1,TE,sr,5.6250,1.8106
TE1,1,TE,sr,5.6250,5.3629
TE1,1,TE,sr,5.6250,8.1463
TE1,1,TE,sr,5.6250,11.4965
TE1,1,TE,sr,5.6250,14.2830
TE1,1,TE,sr,5.8750,2.6568
TE1,1,TE,sr,5.8750,7.7190
TE1,1,TE,sr,5.8750,10.9539
TE1,1,TE,sr,5.8750,14.4583
TE1,1,TE,sr,6.1250,1.1776
TE1,1,TE,sr,6.1250,4.3793
TE1,1,TE,sr,6.1250,7.7342
TE1,1,TE,sr,6.1250,9.2639
TE1,1,TE,sr,6.1250,10.7732
TE1,1,TE,sr,6.1250,14.3282
TE1,1,TE,sr,6.3750,-7.5820
TE1,1,TE,sr,6.3750,1.9171
TE1,1,TE,sr,6.3750,5.1661
TE1,1,TE,sr,6.3750,7.6681
TE1,1,TE,sr,6.3750,10.6214
TE1,1,TE,sr,6.3750,14.0642
TE1,1,TE,sr,6.6250,-3.6831
TE1,1,TE,sr,6.6250,1.7514
TE1,1,TE,sr,6.6250,5.0644
TE1,1,TE,sr,6.6250,7.4594
TE1,1,TE,sr,6.6250,10.1454
TE1,1,TE,sr,6.6250,13.7811
TE1,1,TE,sr,6.8750,1.4957
TE1,1,TE,sr,6.8750,6.9915
TE1,1,TE,sr,6.8750,9.5585
TE1,1,TE,sr,7.1250,1.9831
TE1,1,TE,sr,7.1250,6.6109
TE1,1,TE,sr,7.1250,9.0313
TE1,1,TE,sr,7.1250,14.5698
TE1,1,TE,sr,7.3750,1.3825
TE1,1,TE,sr,7.3750,5.3901
TE1,1,TE,sr,7.3750,8.4672
TE1,1,TE,sr,7.3750,10.7815
TE1,1,TE,sr,7.3750,14.5379
TE1,1,TE,sr,7.6250,1.2834
TE1,1,TE,sr,7.6250,4.0961
TE1,1,TE,sr,7.6250,6.9408
TE1,1,TE,sr,7.6250,10.3581
TE1,1,TE,sr,7.6250,14.5459
TE1,1,TE,sr,7.8750,-8.4042
TE1,1,TE,sr,7.8750,1.3429
TE1,1,TE,sr,7.8750,3.9101
TE1,1,TE,sr,7.8750,6.4799
TE1,1,TE,sr,7.8750,9.6926
TE1,1,TE,sr,8.1250,-5.4350
TE1,1,TE,sr,8.1250,-2.8602
TE1,1,TE,sr,8.1250,3.3866
TE1,1,TE,sr,8.1250,9.2087
TE1,1,TE,sr,8.1250,10.8174
TE1,1,TE,sr,8.1250,14.5570
TE1,1,TE,sr,8.3750,-1.3321
TE1,1,TE,sr,8.3750,3.3276
TE1,1,TE,sr,8.3750,8.7510
TE1,1,TE,sr,8.3750,10.9369
TE1,1,TE,sr,8.6250,3.0803
TE1,1,TE,sr,8.6250,8.3619
TE1,1,TE,sr,8.6250,10.4698
TE1,1,TE,sr,8.8750,2.2338
TE1,1,TE,sr,8.8750,6.3261
TE1,1,TE,sr,8.8750,8.1223
TE1,1,TE,sr,8.8750,10.0817
TE1,1,TE,sr,8.8750,14.6176
TE1,1,TE,sr,9.1250,3.6836
TE1,1,TE,sr,9.1250,9.9781
TE1,1,TE,sr,9.3750,-8.7458
TE1,1,TE,sr,9.3750,2.9920
TE1,1,TE,sr,9.3750,8.0048
TE1,1,TE,sr,9.3750,9.9371
TE1,1,TE,sr,9.3750,14.5670
TE1,1,TE,sr,9.6250,-5.4194
TE1,1,TE,sr,9.6250,2.9235
TE1,1,TE,sr,9.6250,7.8507
TE1,1,TE,sr,9.6250,9.6728
TE1,1,TE,sr,9.6250,11.6061
TE1,1,TE,sr,9.8750,-1.7823
TE1,1,TE,sr,9.8750,1.6936
TE1,1,TE,sr,9.8750,5.7713
TE1,1,TE,sr,9.8750,7.6267
TE1,1,TE,sr,9.8750,9.4173
TE1,1,TE,sr,9.8750,11.4563
TE1,1,TE,sr,9.8750,13.6138
TE1,1,TE,nr,0.1250,2.5358
TE1,1,TE,nr,0.3750,2.4696
TE1,1,TE,nr,0.6250,1.1011
TE1,1,TE,nr,0.8750,1.1027
TE1,1,TE,nr,1.1250,1.1113
TE1,1,TE,nr,1.3750,1.1138
TE1,1,TE,nr,1.6250,1.1138
TE1,1,TE,nr,1.6250,13.9378
TE1,1,TE,nr,1.8750,1.1138
TE1,1,TE,nr,1.8750,11.7772
TE1,1,TE,nr,2.1250,1.1138
TE1,1,TE,nr,2.1250,9.0268
TE1,1,TE,nr,2.3750,1.1138
TE1,1,TE,nr,2.3750,7.1615
TE1,1,TE,nr,2.6250,1.1138
TE1,1,TE,nr,2.6250,5.9018
TE1,1,TE,nr,2.6250,13.4460
TE1,1,TE,nr,2.8750,1.1138
TE1,1,TE,nr,2.8750,4.9331
TE1,1,TE,nr,2.8750,11.2966
TE1,1,TE,nr,3.1250,1.1138
TE1,1,TE,nr,3.1250,4.2615
TE1,1,TE,nr,3.1250,9.5503
TE1,1,TE,nr,3.3750,1.1138
TE1,1,TE,nr,3.3750,3.7727
TE1,1,TE,nr,3.3750,8.2356
TE1,1,TE,nr,3.3750,14.0089
TE1,1,TE,nr,3.6250,1.1138
TE1,1,TE,nr,3.6250,3.4188
TE1,1,TE,nr,3.6250,7.2615
TE1,1,TE,nr,3.6250,12.6079
TE1,1,TE,nr,3.8750,1.1138
TE1,1,TE,nr,3.8750,3.1863
TE1,1,TE,nr,3.8750,6.5482
TE1,1,TE,nr,3.8750,11.2323
TE1,1,TE,nr,4.1250,1.1138
TE1,1,TE,nr,4.1250,3.0400
TE1,1,TE,nr,4.1250,6.0805
TE1,1,TE,nr,4.1250,10.2411
TE1,1,TE,nr,4.3750,1.1138
TE1,1,TE,nr,4.3750,2.9767
TE1,1,TE,nr,4.3750,5.8232
TE1,1,TE,nr,4.3750,9.6571
TE1,1,TE,nr,4.3750,14.3891
TE1,1,TE,nr,4.6250,1.1138
TE1,1,TE,nr,4.6250,2.9558
TE1,1,TE,nr,4.6250,5.7888
TE1,1,TE,nr,4.6250,9.5240
TE1,1,TE,nr,4.6250,14.2104
TE1,1,TE,nr,4.8750,-6.6522
TE1,1,TE,nr,4.8750,1.1138
TE1,1,TE,nr,4.8750,2.9260
TE1,1,TE,nr,4.8750,5.6685
TE1,1,TE,nr,4.8750,9.2679
TE1,1,TE,nr,4.8750,13.6636
TE1,1,TE,nr,5.1250,-2.4294
TE1,1,TE,nr,5.1250,1.1138
TE1,1,TE,nr,5.1250,2.8653
TE1,1,TE,nr,5.1250,5.3920
TE1,1,TE,nr,5.1250,8.6956
TE1,1,TE,nr,5.1250,12.7175
TE1,1,TE,nr,5.3750,-0.6362
TE1,1,TE,nr,5.3750,1.1138
TE1,1,TE,nr,5.3750,2.7342
TE1,1,TE,nr,5.3750,5.0600
TE1,1,TE,nr,5.3750,8.0502
TE1,1,TE,nr,5.3750,11.7314
TE1,1,TE,nr,5.6250,0.5603
TE1,1,TE,nr,5.6250,2.6029
TE1,1,TE,nr,5.6250,4.7104
TE1,1,TE,nr,5.6250,7.4128
TE1,1,TE,nr,5.6250,10.7527
TE1,1,TE,nr,5.6250,14.3203
TE1,1,TE,nr,5.8750,0.7013
TE1,1,TE,nr,5.8750,2.4696
TE1,1,TE,nr,5.8750,4.4047
TE1,1,TE,nr,5.8750,6.8944
TE1,1,TE,nr,5.8750,9.9563
TE1,1,TE,nr,5.8750,13.5426
TE1,1,TE,nr,6.1250,0.7450
TE1,1,TE,nr,6.1250,2.3561
TE1,1,TE,nr,6.1250,4.1433
TE1,1,TE,nr,6.1250,6.4340
TE1,1,TE,nr,6.1250,9.2199
TE1,1,TE,nr,6.1250,12.5202
TE1,1,TE,nr,6.3750,1.2119
TE1,1,TE,nr,6.3750,3.8867
TE1,1,TE,nr,6.3750,5.9935
TE1,1,TE,nr,6.3750,8.5580
TE1,1,TE,nr,6.3750,11.6112
TE1,1,TE,nr,6.3750,14.5220
TE1,1,TE,nr,6.6250,1.2333
TE1,1,TE,nr,6.6250,3.6843
TE1,1,TE,nr,6.6250,5.6264
TE1,1,TE,nr,6.6250,7.9963
TE1,1,TE,nr,6.6250,10.7763
TE1,1,TE,nr,6.6250,14.4829
TE1,1,TE,nr,6.8750,1.1973
TE1,1,TE,nr,6.8750,3.5128
TE1,1,TE,nr,6.8750,5.3157
TE1,1,TE,nr,6.8750,7.5155
TE1,1,TE,nr,6.8750,10.1147
TE1,1,TE,nr,7.1250,1.1702
TE1,1,TE,nr,7.1250,3.4006
TE1,1,TE,nr,7.1250,5.0889
TE1,1,TE,nr,7.1250,7.1338
TE1,1,TE,nr,7.1250,9.5468
TE1,1,TE,nr,7.3750,1.1772
TE1,1,TE,nr,7.3750,3.3365
TE1,1,TE,nr,7.3750,4.9349
TE1,1,TE,nr,7.3750,6.8863
TE1,1,TE,nr,7.3750,9.1712
TE1,1,TE,nr,7.3750,14.5561
TE1,1,TE,nr,7.6250,1.1987
TE1,1,TE,nr,7.6250,3.3029
TE1,1,TE,nr,7.6250,4.9140
TE1,1,TE,nr,7.6250,6.8110
TE1,1,TE,nr,7.6250,9.0488
TE1,1,TE,nr,7.6250,14.5367
TE1,1,TE,nr,7.8750,-8.5085
TE1,1,TE,nr,7.8750,1.1934
TE1,1,TE,nr,7.8750,3.2975
TE1,1,TE,nr,7.8750,4.8813
TE1,1,TE,nr,7.8750,6.7782
TE1,1,TE,nr,7.8750,8.9845
TE1,1,TE,nr,8.1250,-4.8627
TE1,1,TE,nr,8.1250,1.1762
TE1,1,TE,nr,8.1250,3.2724
TE1,1,TE,nr,8.1250,4.8027
TE1,1,TE,nr,8.1250,6.6055
TE1,1,TE,nr,8.1250,8.7212
TE1,1,TE,nr,8.1250,10.9341
TE1,1,TE,nr,8.3750,0.7388
TE1,1,TE,nr,8.3750,4.6359
TE1,1,TE,nr,8.3750,6.3607
TE1,1,TE,nr,8.3750,8.3480
TE1,1,TE,nr,8.3750,10.5871
TE1,1,TE,nr,8.6250,1.1909
TE1,1,TE,nr,8.6250,4.4526
TE1,1,TE,nr,8.6250,6.0746
TE1,1,TE,nr,8.6250,7.9565
TE1,1,TE,nr,8.6250,10.0681
TE1,1,TE,nr,8.8750,1.2602
TE1,1,TE,nr,8.8750,4.2597
TE1,1,TE,nr,8.8750,5.7932
TE1,1,TE,nr,8.8750,7.5590
TE1,1,TE,nr,8.8750,9.5658
TE1,1,TE,nr,8.8750,14.5592
TE1,1,TE,nr,9.1250,1.3475
TE1,1,TE,nr,9.1250,4.0841
TE1,1,TE,nr,9.1250,5.5373
TE1,1,TE,nr,9.1250,7.2000
TE1,1,TE,nr,9.1250,9.0781
TE1,1,TE,nr,9.1250,10.9409
TE1,1,TE,nr,9.3750,1.7194
TE1,1,TE,nr,9.3750,5.2945
TE1,1,TE,nr,9.3750,6.8652
TE1,1,TE,nr,9.3750,8.6548
TE1,1,TE,nr,9.3750,10.6609
TE1,1,TE,nr,9.6250,1.6355
TE1,1,TE,nr,9.6250,5.0723
TE1,1,TE,nr,9.6250,6.5655
TE1,1,TE,nr,9.6250,8.2489
TE1,1,TE,nr,9.6250,10.1515
TE1,1,TE,nr,9.6250,11.9885
TE1,1,TE,nr,9.6250,14.3666
TE1,1,TE,nr,9.8750,1.6492
TE1,1,TE,nr,9.8750,4.9307
TE1,1,TE,nr,9.8750,6.3586
TE1,1,TE,nr,9.8750,7.9924
TE1,1,TE,nr,9.8750,9.8153
TE1,1,TE,nr,9.8750,11.8157
TE1,1,TE,nr,9.8750,14.0176
TE2,2,TE,sr,1.3750,12.4764
TE2,2,TE,sr,1.6250,8.6344
TE2,2,TE,sr,1.8750,6.1540
TE2,2,TE,sr,2.1250,4.6090
TE2,2,TE,sr,2.1250,13.5366
TE2,2,TE,sr,2.3750,3.6720
TE2,2,TE,sr,2.3750,11.2629
TE2,2,TE,sr,2.6250,3.0472
TE2,2,TE,sr,2.6250,9.1065
TE2,2,TE,sr,2.8750,2.6411
TE2,2,TE,sr,2.8750,7.6109
TE2,2,TE,sr,2.8750,14.2116
TE2,2,TE,sr,3.1250,2.4212
TE2,2,TE,sr,3.1250,6.5164
TE2,2,TE,sr,3.1250,12.8459
TE2,2,TE,sr,3.3750,2.2636
TE2,2,TE,sr,3.3750,5.7566
TE2,2,TE,sr,3.3750,11.0841
TE2,2,TE,sr,3.6250,2.1847
TE2,2,TE,sr,3.6250,5.2384
TE2,2,TE,sr,3.6250,9.9054
TE2,2,TE,sr,3.6250,14.4646
TE2,2,TE,sr,3.8750,2.1631
TE2,2,TE,sr,3.8750,3.5755
TE2,2,TE,sr,3.8750,5.2263
TE2,2,TE,sr,3.8750,9.5297
TE2,2,TE,sr,4.1250,2.1654
TE2,2,TE,sr,4.1250,3.3365
TE2,2,TE,sr,4.1250,5.1858
TE2,2,TE,sr,4.1250,9.4021
TE2,2,TE,sr,4.3750,-6.5012
TE2,2,TE,sr,4.3750,2.3307
TE2,2,TE,sr,4.3750,5.0546
TE2,2,TE,sr,4.3750,9.0208
TE2,2,TE,sr,4.3750,14.0204
TE2,2,TE,sr,4.6250,-1.9858
TE2,2,TE,sr,4.6250,2.1747
TE2,2,TE,sr,4.6250,4.8239
TE2,2,TE,sr,4.6250,8.4881
TE2,2,TE,sr,4.6250,12.9474
TE2,2,TE,sr,4.6250,14.6176
TE2,2,TE,sr,4.8750,-0.3665
TE2,2,TE,sr,4.8750,2.0103
TE2,2,TE,sr,4.8750,4.4659
TE2,2,TE,sr,4.8750,7.7155
TE2,2,TE,sr,4.8750,11.7773
TE2,2,TE,sr,5.1250,0.1310
TE2,2,TE,sr,5.1250,2.0178
TE2,2,TE,sr,5.1250,4.1655
TE2,2,TE,sr,5.1250,7.0232
TE2,2,TE,sr,5.1250,10.7197
TE2,2,TE,sr,5.1250,14.4704
TE2,2,TE,sr,5.3750,0.3778
TE2,2,TE,sr,5.3750,1.8823
TE2,2,TE,sr,5.3750,3.8904
TE2,2,TE,sr,5.3750,6.5002
TE2,2,TE,sr,5.3750,9.7986
TE2,2,TE,sr,5.3750,13.7697
TE2,2,TE,sr,5.6250,0.5141
TE2,2,TE,sr,5.6250,1.7750
TE2,2,TE,sr,5.6250,3.6332
TE2,2,TE,sr,5.6250,6.0123
TE2,2,TE,sr,5.6250,9.0372
TE2,2,TE,sr,5.6250,12.5714
TE2,2,TE,sr,5.6250,14.0918
TE2,2,TE,sr,5.8750,1.0936
TE2,2,TE,sr,5.8750,3.3461
TE2,2,TE,sr,5.8750,5.5458
TE2,2,TE,sr,5.8750,8.3023
TE2,2,TE,sr,5.8750,11.6312
TE2,2,TE,sr,5.8750,13.8910
TE2,2,TE,sr,6.1250,-8.8050
TE2,2,TE,sr,6.1250,-6.0421
TE2,2,TE,sr,6.1250,-4.5507
TE2,2,TE,sr,6.1250,-3.3556
TE2,2,TE,sr,6.1250,1.7341
TE2,2,TE,sr,6.1250,5.1184
TE2,2,TE,sr,6.1250,7.6107
TE2,2,TE,sr,6.1250,10.6799
TE2,2,TE,sr,6.1250,14.1434
TE2,2,TE,sr,6.3750,-2.2084
TE2,2,TE,sr,6.3750,2.7292
TE2,2,TE,sr,6.3750,7.1623
TE2,2,TE,sr,6.3750,9.9487
TE2,2,TE,sr,6.3750,13.2722
TE2,2,TE,sr,6.6250,2.6155
TE2,2,TE,sr,6.6250,6.7317
TE2,2,TE,sr,6.6250,9.3782
TE2,2,TE,sr,6.8750,2.3582
TE2,2,TE,sr,6.8750,6.3688
TE2,2,TE,sr,6.8750,8.8021
TE2,2,TE,sr,6.8750,14.5595
TE2,2,TE,sr,7.1250,2.1190
TE2,2,TE,sr,7.1250,6.2316
TE2,2,TE,sr,7.1250,8.4916
TE2,2,TE,sr,7.1250,10.8473
TE2,2,TE,sr,7.3750,1.1013
TE2,2,TE,sr,7.3750,4.4546
TE2,2,TE,sr,7.3750,8.4021
TE2,2,TE,sr,7.3750,9.5029
TE2,2,TE,sr,7.3750,10.9369
TE2,2,TE,sr,7.6250,-7.7255
TE2,2,TE,sr,7.6250,2.3400
TE2,2,TE,sr,7.6250,6.1666
TE2,2,TE,sr,7.6250,8.3418
TE2,2,TE,sr,7.6250,10.8413
TE2,2,TE,sr,7.6250,14.5698
TE2,2,TE,sr,7.8750,-3.7211
TE2,2,TE,sr,7.8750,3.1199
TE2,2,TE,sr,7.8750,8.0658
TE2,2,TE,sr,7.8750,10.4606
TE2,2,TE,sr,8.1250,-0.9946
TE2,2,TE,sr,8.1250,2.1774
TE2,2,TE,sr,8.1250,5.7681
TE2,2,TE,sr,8.1250,7.7016
TE2,2,TE,sr,8.1250,9.9934
TE2,2,TE,sr,8.3750,1.7716
TE2,2,TE,sr,8.3750,6.4284
TE2,2,TE,sr,8.3750,9.4388
TE2,2,TE,sr,8.3750,14.5220
TE2,2,TE,sr,8.6250,3.1921
TE2,2,TE,sr,8.6250,9.0249
TE2,2,TE,sr,8.6250,10.9021
TE2,2,TE,sr,8.8750,2.4048
TE2,2,TE,sr,8.8750,8.7579
TE2,2,TE,sr,9.1250,-8.1836
TE2,2,TE,sr,9.1250,4.6173
TE2,2,TE,sr,9.1250,14.5618
TE2,2,TE,sr,9.3750,-7.3709
TE2,2,TE,sr,9.3750,-5.2486
TE2,2,TE,sr,9.3750,-3.9532
TE2,2,TE,sr,9.3750,-2.4421
TE2,2,TE,sr,9.3750,3.7029
TE2,2,TE,sr,9.3750,9.5937
TE2,2,TE,sr,9.3750,10.9369
TE2,2,TE,sr,9.6250,4.0454
TE2,2,TE,sr,9.6250,11.0530
TE2,2,TE,sr,9.6250,13.1823
TE2,2,TE,sr,9.8750,2.0421
TE2,2,TE,sr,9.8750,6.2633
TE2,2,TE,sr,9.8750,8.8634
TE2,2,TE,sr,9.8750,10.7948
TE2,2,TE,sr,9.8750,12.8131
TE2,2,TE,nr,0.1250,2.5239
TE2,2,TE,nr,0.3750,1.0956
TE2,2,TE,nr,0.6250,1.0939
TE2,2,TE,nr,0.8750,1.1027
TE2,2,TE,nr,1.1250,1.1027
TE2,2,TE,nr,1.3750,1.1113
TE2,2,TE,nr,1.6250,1.1138
TE2,2,TE,nr,1.8750,1.1138
TE2,2,TE,nr,1.8750,14.3111
TE2,2,TE,nr,2.1250,1.1138
TE2,2,TE,nr,2.1250,12.5193
TE2,2,TE,nr,2.3750,1.1138
TE2,2,TE,nr,2.3750,9.8638
TE2,2,TE,nr,2.6250,1.1138
TE2,2,TE,nr,2.6250,7.9582
TE2,2,TE,nr,2.8750,1.1138
TE2,2,TE,nr,2.8750,6.6089
TE2,2,TE,nr,2.8750,13.7458
TE2,2,TE,nr,3.1250,1.1138
TE2,2,TE,nr,3.1250,5.6310
TE2,2,TE,nr,3.1250,11.8710
TE2,2,TE,nr,3.3750,1.1138
TE2,2,TE,nr,3.3750,4.8379
TE2,2,TE,nr,3.3750,10.1223
TE2,2,TE,nr,3.6250,1.1138
TE2,2,TE,nr,3.6250,4.2336
TE2,2,TE,nr,3.6250,8.7651
TE2,2,TE,nr,3.6250,14.1802
TE2,2,TE,nr,3.8750,1.1138
TE2,2,TE,nr,3.8750,3.7906
TE2,2,TE,nr,3.8750,7.7408
TE2,2,TE,nr,3.8750,12.9982
TE2,2,TE,nr,4.1250,1.1138
TE2,2,TE,nr,4.1250,3.4303
TE2,2,TE,nr,4.1250,6.9011
TE2,2,TE,nr,4.1250,11.5092
TE2,2,TE,nr,4.3750,1.1138
TE2,2,TE,nr,4.3750,3.1264
TE2,2,TE,nr,4.3750,6.1970
TE2,2,TE,nr,4.3750,10.2532
TE2,2,TE,nr,4.3750,14.5083
TE2,2,TE,nr,4.6250,1.1138
TE2,2,TE,nr,4.6250,2.8973
TE2,2,TE,nr,4.6250,5.6233
TE2,2,TE,nr,4.6250,9.2542
TE2,2,TE,nr,4.6250,13.7690
TE2,2,TE,nr,4.8750,1.1138
TE2,2,TE,nr,4.8750,2.7265
TE2,2,TE,nr,4.8750,5.1660
TE2,2,TE,nr,4.8750,8.4112
TE2,2,TE,nr,4.8750,12.4594
TE2,2,TE,nr,5.1250,1.1138
TE2,2,TE,nr,5.1250,2.6120
TE2,2,TE,nr,5.1250,4.8305
TE2,2,TE,nr,5.1250,7.7491
TE2,2,TE,nr,5.1250,11.4216
TE2,2,TE,nr,5.3750,1.1138
TE2,2,TE,nr,5.3750,2.5434
TE2,2,TE,nr,5.3750,4.6087
TE2,2,TE,nr,5.3750,7.3196
TE2,2,TE,nr,5.3750,10.6614
TE2,2,TE,nr,5.3750,14.4109
TE2,2,TE,nr,5.6250,1.1138
TE2,2,TE,nr,5.6250,2.5322
TE2,2,TE,nr,5.6250,4.5142
TE2,2,TE,nr,5.6250,7.1072
TE2,2,TE,nr,5.6250,10.2816
TE2,2,TE,nr,5.6250,14.0357
TE2,2,TE,nr,5.8750,1.1138
TE2,2,TE,nr,5.8750,2.5301
TE2,2,TE,nr,5.8750,4.5076
TE2,2,TE,nr,5.8750,7.0824
TE2,2,TE,nr,5.8750,10.1955
TE2,2,TE,nr,5.8750,13.8859
TE2,2,TE,nr,6.1250,-6.3785
TE2,2,TE,nr,6.1250,1.1138
TE2,2,TE,nr,6.1250,2.5080
TE2,2,TE,nr,6.1250,4.4444
TE2,2,TE,nr,6.1250,6.9235
TE2,2,TE,nr,6.1250,9.8958
TE2,2,TE,nr,6.1250,13.4000
TE2,2,TE,nr,6.3750,-1.8751
TE2,2,TE,nr,6.3750,1.1138
TE2,2,TE,nr,6.3750,2.4460
TE2,2,TE,nr,6.3750,4.2877
TE2,2,TE,nr,6.3750,6.5960
TE2,2,TE,nr,6.3750,9.3681
TE2,2,TE,nr,6.3750,12.7129
TE2,2,TE,nr,6.6250,-0.4579
TE2,2,TE,nr,6.6250,1.1138
TE2,2,TE,nr,6.6250,2.3646
TE2,2,TE,nr,6.6250,4.0869
TE2,2,TE,nr,6.6250,6.2234
TE2,2,TE,nr,6.6250,8.7946
TE2,2,TE,nr,6.6250,14.5698
TE2,2,TE,nr,6.8750,0.6236
TE2,2,TE,nr,6.8750,2.2838
TE2,2,TE,nr,6.8750,3.8695
TE2,2,TE,nr,6.8750,5.8500
TE2,2,TE,nr,6.8750,8.2321
TE2,2,TE,nr,6.8750,10.8225
TE2,2,TE,nr,6.8750,14.5602
TE2,2,TE,nr,7.1250,1.1846
TE2,2,TE,nr,7.1250,3.6682
TE2,2,TE,nr,7.1250,5.5171
TE2,2,TE,nr,7.1250,7.7239
TE2,2,TE,nr,7.1250,10.3117
TE2,2,TE,nr,7.3750,1.2040
TE2,2,TE,nr,7.3750,3.4778
TE2,2,TE,nr,7.3750,5.2046
TE2,2,TE,nr,7.3750,7.2653
TE2,2,TE,nr,7.3750,9.6514
TE2,2,TE,nr,7.6250,1.1810
TE2,2,TE,nr,7.6250,3.3280
TE2,2,TE,nr,7.6250,4.9197
TE2,2,TE,nr,7.6250,6.8301
TE2,2,TE,nr,7.6250,9.0646
TE2,2,TE,nr,7.6250,14.5592
TE2,2,TE,nr,7.8750,1.6285
TE2,2,TE,nr,7.8750,4.6859
TE2,2,TE,nr,7.8750,6.5031
TE2,2,TE,nr,7.8750,8.5765
TE2,2,TE,nr,7.8750,10.8427
TE2,2,TE,nr,8.1250,1.6248
TE2,2,TE,nr,8.1250,4.4884
TE2,2,TE,nr,8.1250,6.1816
TE2,2,TE,nr,8.1250,8.1494
TE2,2,TE,nr,8.1250,10.4336
TE2,2,TE,nr,8.3750,1.6368
TE2,2,TE,nr,8.3750,4.3318
TE2,2,TE,nr,8.3750,5.9246
TE2,2,TE,nr,8.3750,7.7829
TE2,2,TE,nr,8.3750,9.9188
TE2,2,TE,nr,8.3750,14.5539
TE2,2,TE,nr,8.6250,1.5532
TE2,2,TE,nr,8.6250,4.2222
TE2,2,TE,nr,8.6250,5.7551
TE2,2,TE,nr,8.6250,7.5167
TE2,2,TE,nr,8.6250,9.5235
TE2,2,TE,nr,8.6250,14.5561
TE2,2,TE,nr,8.8750,1.5339
TE2,2,TE,nr,8.8750,4.1796
TE2,2,TE,nr,8.8750,5.6734
TE2,2,TE,nr,8.8750,7.4137
TE2,2,TE,nr,8.8750,9.3585
TE2,2,TE,nr,9.1250,-9.0500
TE2,2,TE,nr,9.1250,1.5423
TE2,2,TE,nr,9.1250,4.1706
TE2,2,TE,nr,9.1250,5.6613
TE2,2,TE,nr,9.1250,7.3834
TE2,2,TE,nr,9.1250,9.3153
TE2,2,TE,nr,9.3750,-5.9190
TE2,2,TE,nr,9.3750,1.5073
TE2,2,TE,nr,9.3750,4.1214
TE2,2,TE,nr,9.3750,5.5750
TE2,2,TE,nr,9.3750,7.2243
TE2,2,TE,nr,9.3750,9.1117
TE2,2,TE,nr,9.3750,10.9528
TE2,2,TE,nr,9.6250,-1.4797
TE2,2,TE,nr,9.6250,2.0018
TE2,2,TE,nr,9.6250,5.4149
TE2,2,TE,nr,9.6250,6.9891
TE2,2,TE,nr,9.6250,8.7752
TE2,2,TE,nr,9.6250,10.7420
TE2,2,TE,nr,9.6250,12.8144
TE2,2,TE,nr,9.8750,0.9995
TE2,2,TE,nr,9.8750,3.9275
TE2,2,TE,nr,9.8750,5.2839
TE2,2,TE,nr,9.8750,6.8073
TE2,2,TE,nr,9.8750,8.5377
TE2,2,TE,nr,9.8750,10.4277
TE2,2,TE,nr,9.8750,12.5393
TE3,3,TE,sr,1.6250,13.2930
TE3,3,TE,sr,1.8750,10.4864
TE3,3,TE,sr,2.1250,7.6783
TE3,3,TE,sr,2.1250,14.7132
TE3,3,TE,sr,2.3750,5.9904
TE3,3,TE,sr,2.3750,14.2543
TE3,3,TE,sr,2.6250,4.8293
TE3,3,TE,sr,2.6250,12.4327
TE3,3,TE,sr,2.8750,3.9243
TE3,3,TE,sr,2.8750,10.0934
TE3,3,TE,sr,3.1250,3.3032
TE3,3,TE,sr,3.1250,8.5020
TE3,3,TE,sr,3.1250,14.5493
TE3,3,TE,sr,3.3750,2.8702
TE3,3,TE,sr,3.3750,7.2831
TE3,3,TE,sr,3.3750,13.3943
TE3,3,TE,sr,3.6250,2.5635
TE3,3,TE,sr,3.6250,6.3420
TE3,3,TE,sr,3.6250,11.6019
TE3,3,TE,sr,3.8750,2.3838
TE3,3,TE,sr,3.8750,5.6595
TE3,3,TE,sr,3.8750,10.0864
TE3,3,TE,sr,3.8750,14.7132
TE3,3,TE,sr,4.1250,2.2212
TE3,3,TE,sr,4.1250,5.0490
TE3,3,TE,sr,4.1250,8.9995
TE3,3,TE,sr,4.1250,14.0673
TE3,3,TE,sr,4.3750,2.1154
TE3,3,TE,sr,4.3750,4.6577
TE3,3,TE,sr,4.3750,8.2057
TE3,3,TE,sr,4.3750,12.7251
TE3,3,TE,sr,4.6250,2.0698
TE3,3,TE,sr,4.6250,4.4020
TE3,3,TE,sr,4.6250,7.5856
TE3,3,TE,sr,4.6250,11.6226
TE3,3,TE,sr,4.8750,2.0698
TE3,3,TE,sr,4.8750,4.2900
TE3,3,TE,sr,4.8750,7.2547
TE3,3,TE,sr,4.8750,11.0170
TE3,3,TE,sr,5.1250,2.0698
TE3,3,TE,sr,5.1250,4.2508
TE3,3,TE,sr,5.1250,7.2084
TE3,3,TE,sr,5.1250,10.8614
TE3,3,TE,sr,5.3750,-6.8618
TE3,3,TE,sr,5.3750,2.0698
TE3,3,TE,sr,5.3750,4.2219
TE3,3,TE,sr,5.3750,7.0884
TE3,3,TE,sr,5.3750,10.6135
TE3,3,TE,sr,5.3750,14.4450
TE3,3,TE,sr,5.6250,-2.6896
TE3,3,TE,sr,5.6250,2.0459
TE3,3,TE,sr,5.6250,4.0901
TE3,3,TE,sr,5.6250,6.7589
TE3,3,TE,sr,5.6250,9.9421
TE3,3,TE,sr,5.6250,13.8955
TE3,3,TE,sr,5.8750,-0.4985
TE3,3,TE,sr,5.8750,1.9955
TE3,3,TE,sr,5.8750,3.9019
TE3,3,TE,sr,5.8750,6.3504
TE3,3,TE,sr,5.8750,9.3460
TE3,3,TE,sr,5.8750,12.7733
TE3,3,TE,sr,6.1250,0.1938
TE3,3,TE,sr,6.1250,1.9403
TE3,3,TE,sr,6.1250,3.7053
TE3,3,TE,sr,6.1250,5.9461
TE3,3,TE,sr,6.1250,8.6589
TE3,3,TE,sr,6.1250,11.8396
TE3,3,TE,sr,6.3750,0.5022
TE3,3,TE,sr,6.3750,2.7168
TE3,3,TE,sr,6.3750,5.5536
TE3,3,TE,sr,6.3750,8.0126
TE3,3,TE,sr,6.3750,11.0306
TE3,3,TE,sr,6.3750,14.5570
TE3,3,TE,sr,6.6250,2.8591
TE3,3,TE,sr,6.6250,7.5684
TE3,3,TE,sr,6.6250,10.3650
TE3,3,TE,sr,6.8750,3.7857
TE3,3,TE,sr,6.8750,9.5985
TE3,3,TE,sr,7.1250,1.2783
TE3,3,TE,sr,7.1250,2.9881
TE3,3,TE,sr,7.1250,4.6187
TE3,3,TE,sr,7.1250,6.5913
TE3,3,TE,sr,7.1250,8.9826
TE3,3,TE,sr,7.3750,2.0372
TE3,3,TE,sr,7.3750,4.4062
TE3,3,TE,sr,7.3750,6.2592
TE3,3,TE,sr,7.3750,8.4656
TE3,3,TE,sr,7.3750,10.8293
TE3,3,TE,sr,7.6250,1.9109
TE3,3,TE,sr,7.6250,4.2096
TE3,3,TE,sr,7.6250,5.9378
TE3,3,TE,sr,7.6250,8.0388
TE3,3,TE,sr,7.6250,10.3071
TE3,3,TE,sr,7.8750,1.7044
TE3,3,TE,sr,7.8750,4.0359
TE3,3,TE,sr,7.8750,5.6729
TE3,3,TE,sr,7.8750,7.6009
TE3,3,TE,sr,7.8750,9.7797
TE3,3,TE,sr,7.8750,14.7291
TE3,3,TE,sr,8.1250,1.8365
TE3,3,TE,sr,8.1250,3.9131
TE3,3,TE,sr,8.1250,5.4566
TE3,3,TE,sr,8.1250,7.2847
TE3,3,TE,sr,8.1250,9.4024
TE3,3,TE,sr,8.1250,14.6213
TE3,3,TE,sr,8.3750,1.7923
TE3,3,TE,sr,8.3750,3.8820
TE3,3,TE,sr,8.3750,5.3796
TE3,3,TE,sr,8.3750,7.1158
TE3,3,TE,sr,8.3750,9.1312
TE3,3,TE,sr,8.6250,1.6885
TE3,3,TE,sr,8.6250,3.8544
TE3,3,TE,sr,8.6250,5.3452
TE3,3,TE,sr,8.6250,7.0661
TE3,3,TE,sr,8.6250,9.0347
TE3,3,TE,sr,8.8750,-6.9553
TE3,3,TE,sr,8.8750,1.6743
TE3,3,TE,sr,8.8750,3.8262
TE3,3,TE,sr,8.8750,5.2984
TE3,3,TE,sr,8.8750,6.9925
TE3,3,TE,sr,8.8750,8.9549
TE3,3,TE,sr,9.1250,-2.7620
TE3,3,TE,sr,9.1250,1.5366
TE3,3,TE,sr,9.1250,3.7476
TE3,3,TE,sr,9.1250,5.1511
TE3,3,TE,sr,9.1250,6.7814
TE3,3,TE,sr,9.1250,8.6722
TE3,3,TE,sr,9.1250,10.7435
TE3,3,TE,sr,9.3750,1.7506
TE3,3,TE,sr,9.3750,8.3255
TE3,3,TE,sr,9.3750,10.2909
TE3,3,TE,sr,9.3750,14.6176
TE3,3,TE,sr,9.6250,2.0470
TE3,3,TE,sr,9.6250,6.2738
TE3,3,TE,sr,9.6250,7.9609
TE3,3,TE,sr,9.6250,9.8113
TE3,3,TE,sr,9.6250,11.8586
TE3,3,TE,sr,9.6250,14.1520
TE3,3,TE,sr,9.8750,0.2471
TE3,3,TE,sr,9.8750,1.5966
TE3,3,TE,sr,9.8750,3.4648
TE3,3,TE,sr,9.8750,4.6893
TE3,3,TE,sr,9.8750,6.0835
TE3,3,TE,sr,9.8750,7.7402
TE3,3,TE,sr,9.8750,9.5438
TE3,3,TE,sr,9.8750,11.5418
TE3,3,TE,sr,9.8750,13.7241
TE3,3,TE,nr,0.1250,2.7483
TE3,3,TE,nr,0.3750,1.1410
TE3,3,TE,nr,0.6250,1.1329
TE3,3,TE,nr,0.8750,1.1377
TE3,3,TE,nr,1.1250,1.1377
TE3,3,TE,nr,1.3750,1.1377
TE3,3,TE,nr,1.6250,1.1377
TE3,3,TE,nr,1.8750,1.1377
TE3,3,TE,nr,2.1250,1.1377
TE3,3,TE,nr,2.1250,14.4055
TE3,3,TE,nr,2.3750,1.1377
TE3,3,TE,nr,2.3750,13.0456
TE3,3,TE,nr,2.6250,1.1377
TE3,3,TE,nr,2.6250,10.5830
TE3,3,TE,nr,2.8750,1.1377
TE3,3,TE,nr,2.8750,8.7304
TE3,3,TE,nr,3.1250,1.1377
TE3,3,TE,nr,3.1250,7.3828
TE3,3,TE,nr,3.1250,14.0130
TE3,3,TE,nr,3.3750,1.1377
TE3,3,TE,nr,3.3750,6.3552
TE3,3,TE,nr,3.3750,12.4981
TE3,3,TE,nr,3.6250,1.1377
TE3,3,TE,nr,3.6250,5.4694
TE3,3,TE,nr,3.6250,10.8184
TE3,3,TE,nr,3.8750,1.1377
TE3,3,TE,nr,3.8750,4.8184
TE3,3,TE,nr,3.8750,9.3913
TE3,3,TE,nr,3.8750,14.4309
TE3,3,TE,nr,4.1250,1.1377
TE3,3,TE,nr,4.1250,4.2860
TE3,3,TE,nr,4.1250,8.3273
TE3,3,TE,nr,4.1250,13.4350
TE3,3,TE,nr,4.3750,1.1377
TE3,3,TE,nr,4.3750,3.8612
TE3,3,TE,nr,4.3750,7.4140
TE3,3,TE,nr,4.3750,11.9022
TE3,3,TE,nr,4.6250,1.1377
TE3,3,TE,nr,4.6250,3.5212
TE3,3,TE,nr,4.6250,6.6440
TE3,3,TE,nr,4.6250,10.6328
TE3,3,TE,nr,4.8750,1.1377
TE3,3,TE,nr,4.8750,3.2262
TE3,3,TE,nr,4.8750,6.0073
TE3,3,TE,nr,4.8750,9.6516
TE3,3,TE,nr,4.8750,13.9756
TE3,3,TE,nr,5.1250,1.1377
TE3,3,TE,nr,5.1250,2.9965
TE3,3,TE,nr,5.1250,5.5082
TE3,3,TE,nr,5.1250,8.7583
TE3,3,TE,nr,5.1250,12.7776
TE3,3,TE,nr,5.3750,1.1377
TE3,3,TE,nr,5.3750,2.7951
TE3,3,TE,nr,5.3750,5.0777
TE3,3,TE,nr,5.3750,8.0359
TE3,3,TE,nr,5.3750,11.6119
TE3,3,TE,nr,5.6250,1.1377
TE3,3,TE,nr,5.6250,2.6007
TE3,3,TE,nr,5.6250,4.7023
TE3,3,TE,nr,5.6250,7.3689
TE3,3,TE,nr,5.6250,10.6104
TE3,3,TE,nr,5.6250,14.2710
TE3,3,TE,nr,5.8750,1.1377
TE3,3,TE,nr,5.8750,2.5032
TE3,3,TE,nr,5.8750,4.4127
TE3,3,TE,nr,5.8750,6.8653
TE3,3,TE,nr,5.8750,9.8314
TE3,3,TE,nr,5.8750,13.3378
TE3,3,TE,nr,6.1250,1.1377
TE3,3,TE,nr,6.1250,2.3819
TE3,3,TE,nr,6.1250,4.1599
TE3,3,TE,nr,6.1250,6.3967
TE3,3,TE,nr,6.1250,9.1428
TE3,3,TE,nr,6.1250,12.3743
TE3,3,TE,nr,6.3750,1.1377
TE3,3,TE,nr,6.3750,2.3307
TE3,3,TE,nr,6.3750,3.9791
TE3,3,TE,nr,6.3750,6.0661
TE3,3,TE,nr,6.3750,8.5976
TE3,3,TE,nr,6.3750,11.7278
TE3,3,TE,nr,6.3750,14.5698
TE3,3,TE,nr,6.6250,1.1377
TE3,3,TE,nr,6.6250,2.3113
TE3,3,TE,nr,6.6250,3.8942
TE3,3,TE,nr,6.6250,5.8533
TE3,3,TE,nr,6.6250,8.2354
TE3,3,TE,nr,6.6250,10.9185
TE3,3,TE,nr,6.6250,14.5698
TE3,3,TE,nr,6.8750,1.1377
TE3,3,TE,nr,6.8750,2.3139
TE3,3,TE,nr,6.8750,3.8775
TE3,3,TE,nr,6.8750,5.7946
TE3,3,TE,nr,6.8750,8.1166
TE3,3,TE,nr,6.8750,10.8244
TE3,3,TE,nr,7.1250,-8.1013
TE3,3,TE,nr,7.1250,1.1377
TE3,3,TE,nr,7.1250,2.3153
TE3,3,TE,nr,7.1250,3.8517
TE3,3,TE,nr,7.1250,5.7689
TE3,3,TE,nr,7.1250,8.0375
TE3,3,TE,nr,7.1250,10.7090
TE3,3,TE,nr,7.3750,-3.9800
TE3,3,TE,nr,7.3750,1.1377
TE3,3,TE,nr,7.3750,2.2922
TE3,3,TE,nr,7.3750,3.7565
TE3,3,TE,nr,7.3750,5.6096
TE3,3,TE,nr,7.3750,7.7966
TE3,3,TE,nr,7.3750,10.3122
TE3,3,TE,nr,7.6250,-1.0661
TE3,3,TE,nr,7.6250,1.1356
TE3,3,TE,nr,7.6250,2.2270
TE3,3,TE,nr,7.6250,3.6835
TE3,3,TE,nr,7.6250,5.4020
TE3,3,TE,nr,7.6250,7.4446
TE3,3,TE,nr,7.6250,9.8102
TE3,3,TE,nr,7.8750,0.9221
TE3,3,TE,nr,7.8750,3.5129
TE3,3,TE,nr,7.8750,5.1470
TE3,3,TE,nr,7.8750,7.0843
TE3,3,TE,nr,7.8750,9.2837
TE3,3,TE,nr,7.8750,14.5778
TE3,3,TE,nr,8.1250,1.1859
TE3,3,TE,nr,8.1250,3.3668
TE3,3,TE,nr,8.1250,4.8990
TE3,3,TE,nr,8.1250,6.7210
TE3,3,TE,nr,8.1250,8.7936
TE3,3,TE,nr,8.1250,10.9267
TE3,3,TE,nr,8.3750,1.1994
TE3,3,TE,nr,8.3750,3.2454
TE3,3,TE,nr,8.3750,4.6784
TE3,3,TE,nr,8.3750,6.3756
TE3,3,TE,nr,8.3750,8.3345
TE3,3,TE,nr,8.3750,10.5606
TE3,3,TE,nr,8.6250,1.6352
TE3,3,TE,nr,8.6250,4.4455
TE3,3,TE,nr,8.6250,6.0449
TE3,3,TE,nr,8.6250,7.8952
TE3,3,TE,nr,8.6250,9.9940
TE3,3,TE,nr,8.6250,14.5698
TE3,3,TE,nr,8.8750,1.7033
TE3,3,TE,nr,8.8750,4.2584
TE3,3,TE,nr,8.8750,5.7744
TE3,3,TE,nr,8.8750,7.5055
TE3,3,TE,nr,8.8750,9.4805
TE3,3,TE,nr,8.8750,14.5698
TE3,3,TE,nr,9.1250,2.0061
TE3,3,TE,nr,9.1250,5.5121
TE3,3,TE,nr,9.1250,7.1539
TE3,3,TE,nr,9.1250,9.0079
TE3,3,TE,nr,9.1250,10.9168
TE3,3,TE,nr,9.3750,1.6764
TE3,3,TE,nr,9.3750,3.9518
TE3,3,TE,nr,9.3750,5.3053
TE3,3,TE,nr,9.3750,6.8282
TE3,3,TE,nr,9.3750,8.5911
TE3,3,TE,nr,9.3750,10.5485
TE3,3,TE,nr,9.6250,1.9397
TE3,3,TE,nr,9.6250,5.1407
TE3,3,TE,nr,9.6250,6.5884
TE3,3,TE,nr,9.6250,8.2738
TE3,3,TE,nr,9.6250,10.1508
TE3,3,TE,nr,9.6250,12.1449
TE3,3,TE,nr,9.6250,14.3561
TE3,3,TE,nr,9.8750,1.9561
TE3,3,TE,nr,9.8750,5.0414
TE3,3,TE,nr,9.8750,6.4834
TE3,3,TE,nr,9.8750,8.0975
TE3,3,TE,nr,9.8750,9.8959
TE3,3,TE,nr,9.8750,11.9248
TE3,3,TE,nr,9.8750,14.1157
